flight_id,airline,source,destination,departure_time,arrival_time,duration,is_overnight,calculated_duration_minutes,time_anomaly,duration_mismatch,duration_minutes,route_anomaly,duration_anomaly,is_valid
SJ010,SPICEJET,CCU,MAA,2026-04-20 23:38:41.701,2026-04-21 02:32:41.701,174.0,True,174.0,False,False,174.0,False,False,True
AI155,AIR INDIA,BOM,CCU,2026-04-20 23:35:41.703,2026-04-21 01:23:41.703,108.0,True,108.0,False,False,108.0,False,False,True
UK094,VISTARA,BOM,CCU,2026-04-20 23:26:41.702,2026-04-21 01:11:41.702,105.0,True,105.0,False,False,105.0,False,False,True
AI245,AIR INDIA,BOM,CCU,2026-04-20 23:07:41.704,2026-04-21 01:43:41.704,156.0,True,156.0,False,False,156.0,False,False,True
AI192,AIR INDIA,MAA,BOM,2026-04-20 23:05:41.703,2026-04-21 04:04:41.703,299.0,True,299.0,False,False,299.0,False,False,True
SJ158,SPICEJET,DEL,HYD,2026-04-20 23:05:41.703,2026-04-21 01:24:41.703,139.0,True,139.0,False,False,139.0,False,False,True
6F196,INDIGO,CCU,MAA,2026-04-20 23:04:41.703,2026-04-21 00:47:41.703,103.0,True,103.0,False,False,103.0,False,False,True
AI080,AIR INDIA,BOM,HYD,2026-04-20 23:03:41.702,2026-04-21 00:35:41.702,92.0,True,92.0,False,False,92.0,False,False,True
6F025,INDIGO,BLR,BOM,2026-04-20 23:02:41.701,2026-04-20 23:57:41.701,55.0,False,55.0,False,False,55.0,False,False,True
6F251,INDIGO,DEL,BLR,2026-04-20 22:56:41.703,2026-04-20 23:37:41.703,41.0,False,41.0,False,False,41.0,False,False,True
AI137,AIR INDIA,BOM,DEL,2026-04-20 22:49:41.702,2026-04-21 01:17:41.702,148.0,True,148.0,False,False,148.0,False,False,True
6F026,INDIGO,BOM,CCU,2026-04-20 22:46:42.000,2026-04-21 03:13:42.000,267.0,True,267.0,False,False,267.0,False,False,True
UK167,VISTARA,DEL,MAA,2026-04-20 22:45:41.703,2026-04-21 01:46:41.703,181.0,True,181.0,False,False,181.0,False,False,True
UK027,VISTARA,BOM,CCU,2026-04-20 22:44:41.701,2026-04-21 01:05:41.701,141.0,True,141.0,False,False,141.0,False,False,True
AI069,AIR INDIA,DEL,BOM,2026-04-20 22:43:41.702,2026-04-21 02:29:41.702,226.0,True,226.0,False,False,226.0,False,False,True
AI058,AIR INDIA,BOM,CCU,2026-04-20 22:40:41.701,2026-04-21 00:18:41.701,98.0,True,98.0,False,False,98.0,False,False,True
AI140,AIR INDIA,BOM,DEL,2026-04-20 22:25:41.702,2026-04-21 02:08:41.702,223.0,True,223.0,False,False,223.0,False,False,True
SJ239,SPICEJET,BOM,CCU,2026-04-20 22:24:41.704,2026-04-21 00:10:41.704,106.0,True,106.0,False,False,106.0,False,False,True
6F099,INDIGO,MAA,DEL,2026-04-20 22:24:41.702,2026-04-20 22:59:41.702,35.0,False,35.0,False,False,35.0,False,False,True
AI048,AIR INDIA,CCU,DEL,2026-04-20 22:23:41.701,2026-04-21 02:15:41.701,232.0,True,232.0,False,False,232.0,False,False,True
SJ112,SPICEJET,HYD,DEL,2026-04-20 22:20:41.702,2026-04-21 00:40:41.702,140.0,True,140.0,False,False,140.0,False,False,True
6F164,INDIGO,BLR,BOM,2026-04-20 22:18:41.703,2026-04-21 00:45:41.703,147.0,True,147.0,False,False,147.0,False,False,True
UK021,VISTARA,HYD,MAA,2026-04-20 22:00:41.701,2026-04-20 23:50:41.701,110.0,False,110.0,False,False,110.0,False,False,True
SJ172,SPICEJET,CCU,DEL,2026-04-20 21:58:41.703,2026-04-21 01:14:41.703,196.0,True,196.0,False,False,196.0,False,False,True
AI060,AIR INDIA,DEL,HYD,2026-04-20 21:58:41.701,2026-04-20 23:51:41.701,113.0,False,113.0,False,False,113.0,False,False,True
SJ205,SPICEJET,HYD,CCU,2026-04-20 21:56:41.703,2026-04-20 23:00:41.703,64.0,False,64.0,False,False,64.0,False,False,True
SJ093,SPICEJET,BLR,BOM,2026-04-20 21:55:41.702,2026-04-20 23:01:41.702,66.0,False,66.0,False,False,66.0,False,False,True
6F195,INDIGO,CCU,DEL,2026-04-20 21:44:41.703,2026-04-20 22:39:41.703,55.0,False,55.0,False,False,55.0,False,False,True
UK003,VISTARA,HYD,DEL,2026-04-20 21:41:41.700,2026-04-21 02:19:41.700,278.0,True,278.0,False,False,278.0,False,False,True
UK026,VISTARA,HYD,MAA,2026-04-20 21:38:41.701,2026-04-20 23:44:41.701,126.0,False,126.0,False,False,126.0,False,False,True
6F174,INDIGO,DEL,HYD,2026-04-20 21:36:41.703,2026-04-20 22:16:41.703,40.0,False,40.0,False,False,40.0,False,False,True
UK067,VISTARA,BOM,CCU,2026-04-20 21:36:41.701,2026-04-21 01:02:41.701,206.0,True,206.0,False,False,206.0,False,False,True
SJ149,SPICEJET,HYD,MAA,2026-04-20 21:20:41.702,2026-04-20 23:20:42.000,120.0,False,120.0,False,False,120.0,False,False,True
6F213,INDIGO,BLR,BOM,2026-04-20 21:05:41.703,2026-04-21 00:32:41.703,207.0,True,207.0,False,False,207.0,False,False,True
UK200,VISTARA,CCU,DEL,2026-04-20 20:54:41.703,2026-04-20 22:45:41.703,111.0,False,111.0,False,False,111.0,False,False,True
SJ214,SPICEJET,BOM,MAA,2026-04-20 20:54:41.703,2026-04-20 22:10:41.703,76.0,False,76.0,False,False,76.0,False,False,True
SJ047,SPICEJET,HYD,BOM,2026-04-20 20:44:41.701,2026-04-20 21:21:41.701,37.0,False,37.0,False,False,37.0,False,False,True
AI179,AIR INDIA,HYD,BOM,2026-04-20 20:41:41.703,2026-04-21 01:19:41.703,278.0,True,278.0,False,False,278.0,False,False,True
SJ153,SPICEJET,DEL,CCU,2026-04-20 20:37:41.702,2026-04-20 22:00:41.702,83.0,False,83.0,False,False,83.0,False,False,True
6F236,INDIGO,BOM,DEL,2026-04-20 20:35:41.704,2026-04-20 23:54:41.704,199.0,False,199.0,False,False,199.0,False,False,True
UK059,VISTARA,HYD,MAA,2026-04-20 20:33:41.701,2026-04-20 22:10:41.701,97.0,False,97.0,False,False,97.0,False,False,True
SJ001,SPICEJET,BOM,MAA,2026-04-20 20:28:41.700,2026-04-21 01:15:41.700,287.0,True,287.0,False,False,287.0,False,False,True
SJ049,SPICEJET,CCU,DEL,2026-04-20 20:26:41.701,2026-04-21 00:26:41.701,240.0,True,240.0,False,False,240.0,False,False,True
6F086,INDIGO,MAA,HYD,2026-04-20 20:23:41.702,2026-04-20 21:00:41.702,37.0,False,37.0,False,False,37.0,False,False,True
AI220,AIR INDIA,BOM,DEL,2026-04-20 20:19:41.703,2026-04-20 21:57:41.703,98.0,False,98.0,False,False,98.0,False,False,True
AI188,AIR INDIA,CCU,HYD,2026-04-20 20:16:41.703,2026-04-20 23:02:41.703,166.0,False,166.0,False,False,166.0,False,False,True
6F114,INDIGO,BOM,MAA,2026-04-20 20:10:41.702,2026-04-20 21:00:41.702,50.0,False,50.0,False,False,50.0,False,False,True
SJ179,SPICEJET,DEL,HYD,2026-04-20 20:09:41.703,2026-04-20 23:39:41.703,210.0,False,210.0,False,False,210.0,False,False,True
6F190,INDIGO,DEL,MAA,2026-04-20 20:02:41.703,2026-04-21 00:36:41.703,274.0,True,274.0,False,False,274.0,False,False,True
SJ003,SPICEJET,MAA,CCU,2026-04-20 19:50:41.701,2026-04-20 20:32:41.701,42.0,False,42.0,False,False,42.0,False,False,True
6F028,INDIGO,HYD,CCU,2026-04-20 19:49:41.701,2026-04-20 21:49:41.701,120.0,False,120.0,False,False,120.0,False,False,True
UK036,VISTARA,CCU,BLR,2026-04-20 19:48:41.701,2026-04-21 00:12:41.701,264.0,True,264.0,False,False,264.0,False,False,True
SJ160,SPICEJET,MAA,BLR,2026-04-20 19:45:41.703,2026-04-20 20:30:41.703,45.0,False,45.0,False,False,45.0,False,False,True
6F151,INDIGO,CCU,HYD,2026-04-20 19:44:41.703,2026-04-20 22:04:41.703,140.0,False,140.0,False,False,140.0,False,False,True
UK140,VISTARA,MAA,BLR,2026-04-20 19:37:41.703,2026-04-20 21:00:41.703,83.0,False,83.0,False,False,83.0,False,False,True
AI115,AIR INDIA,MAA,BLR,2026-04-20 19:37:41.702,2026-04-21 00:26:41.702,289.0,True,289.0,False,False,289.0,False,False,True
AI132,AIR INDIA,BLR,BOM,2026-04-20 19:32:41.702,2026-04-20 21:41:41.702,129.0,False,129.0,False,False,129.0,False,False,True
UK209,VISTARA,MAA,BLR,2026-04-20 19:02:41.704,2026-04-20 21:47:41.704,165.0,False,165.0,False,False,165.0,False,False,True
SJ043,SPICEJET,MAA,DEL,2026-04-20 18:59:41.701,2026-04-20 21:08:41.701,129.0,False,129.0,False,False,129.0,False,False,True
UK176,VISTARA,HYD,BLR,2026-04-20 18:41:41.703,2026-04-20 22:49:41.703,248.0,False,248.0,False,False,248.0,False,False,True
UK216,VISTARA,MAA,HYD,2026-04-20 18:33:41.704,2026-04-20 21:47:41.704,194.0,False,194.0,False,False,194.0,False,False,True
UK150,VISTARA,DEL,CCU,2026-04-20 18:31:41.703,2026-04-20 19:01:41.703,30.0,False,30.0,False,False,30.0,False,False,True
UK145,VISTARA,BOM,HYD,2026-04-20 18:30:41.703,2026-04-20 20:41:41.703,131.0,False,131.0,False,False,131.0,False,False,True
6F270,INDIGO,HYD,MAA,2026-04-20 18:14:41.701,2026-04-20 19:02:41.701,48.0,False,48.0,False,False,48.0,False,False,True
6F012,INDIGO,CCU,HYD,2026-04-20 18:06:41.701,2026-04-20 21:31:41.701,205.0,False,205.0,False,False,205.0,False,False,True
SJ236,SPICEJET,MAA,BOM,2026-04-20 18:03:41.704,2026-04-20 22:02:41.704,239.0,False,239.0,False,False,239.0,False,False,True
6F149,INDIGO,BLR,CCU,2026-04-20 17:57:41.703,2026-04-20 20:42:41.703,165.0,False,165.0,False,False,165.0,False,False,True
UK004,VISTARA,BOM,CCU,2026-04-20 17:56:41.700,2026-04-20 18:30:41.700,34.0,False,34.0,False,False,34.0,False,False,True
UK010,VISTARA,MAA,HYD,2026-04-20 17:53:41.701,2026-04-20 20:40:41.701,167.0,False,167.0,False,False,167.0,False,False,True
UK215,VISTARA,BOM,DEL,2026-04-20 17:38:41.704,2026-04-20 19:50:41.704,132.0,False,132.0,False,False,132.0,False,False,True
SJ116,SPICEJET,HYD,CCU,2026-04-20 17:33:41.702,2026-04-20 19:02:41.702,89.0,False,89.0,False,False,89.0,False,False,True
SJ023,SPICEJET,HYD,MAA,2026-04-20 17:27:41.701,2026-04-20 19:09:41.701,102.0,False,102.0,False,False,102.0,False,False,True
UK152,VISTARA,BOM,CCU,2026-04-20 17:24:41.703,2026-04-20 20:13:41.703,169.0,False,169.0,False,False,169.0,False,False,True
SJ202,SPICEJET,CCU,HYD,2026-04-20 17:21:41.703,2026-04-20 19:08:41.703,107.0,False,107.0,False,False,107.0,False,False,True
6F043,INDIGO,BOM,HYD,2026-04-20 17:17:41.701,2026-04-20 18:43:41.701,86.0,False,86.0,False,False,86.0,False,False,True
UK173,VISTARA,MAA,BLR,2026-04-20 17:06:41.703,2026-04-20 21:22:41.703,256.0,False,256.0,False,False,256.0,False,False,True
SJ081,SPICEJET,BOM,BLR,2026-04-20 17:04:41.702,2026-04-20 18:53:41.702,109.0,False,109.0,False,False,109.0,False,False,True
UK153,VISTARA,CCU,HYD,2026-04-20 16:52:41.703,2026-04-20 20:53:41.703,241.0,False,241.0,False,False,241.0,False,False,True
UK187,VISTARA,BLR,BOM,2026-04-20 16:52:41.703,2026-04-20 18:42:41.703,110.0,False,110.0,False,False,110.0,False,False,True
UK055,VISTARA,HYD,DEL,2026-04-20 16:48:41.701,2026-04-20 19:31:41.701,163.0,False,163.0,False,False,163.0,False,False,True
UK181,VISTARA,MAA,DEL,2026-04-20 16:44:41.703,2026-04-20 19:26:41.703,162.0,False,162.0,False,False,162.0,False,False,True
UK074,VISTARA,BOM,DEL,2026-04-20 16:44:41.702,2026-04-20 18:41:41.702,117.0,False,117.0,False,False,117.0,False,False,True
SJ068,SPICEJET,BLR,BOM,2026-04-20 16:44:41.701,2026-04-20 18:48:41.701,124.0,False,124.0,False,False,124.0,False,False,True
AI242,AIR INDIA,BLR,CCU,2026-04-20 16:41:41.704,2026-04-20 17:43:41.704,62.0,False,62.0,False,False,62.0,False,False,True
SJ237,SPICEJET,BOM,CCU,2026-04-20 16:32:41.704,2026-04-20 19:00:41.704,148.0,False,148.0,False,False,148.0,False,False,True
6F194,INDIGO,BOM,CCU,2026-04-20 16:29:41.703,2026-04-20 18:27:41.703,118.0,False,118.0,False,False,118.0,False,False,True
UK063,VISTARA,DEL,BOM,2026-04-20 16:29:41.701,2026-04-20 17:41:41.701,72.0,False,72.0,False,False,72.0,False,False,True
UK068,VISTARA,BLR,MAA,2026-04-20 16:28:41.701,2026-04-20 18:09:41.701,101.0,False,101.0,False,False,101.0,False,False,True
UK224,VISTARA,CCU,MAA,2026-04-20 16:25:41.704,2026-04-20 20:24:41.704,239.0,False,239.0,False,False,239.0,False,False,True
UK077,VISTARA,HYD,BOM,2026-04-20 16:22:41.702,2026-04-20 18:00:41.702,98.0,False,98.0,False,False,98.0,False,False,True
UK207,VISTARA,MAA,CCU,2026-04-20 16:21:41.703,2026-04-20 17:36:41.703,75.0,False,75.0,False,False,75.0,False,False,True
AI221,AIR INDIA,MAA,HYD,2026-04-20 16:18:41.703,2026-04-20 18:54:41.703,156.0,False,156.0,False,False,156.0,False,False,True
UK109,VISTARA,BLR,BOM,2026-04-20 16:06:41.702,2026-04-20 17:06:42.000,60.0,False,60.0,False,False,60.0,False,False,True
UK089,VISTARA,BOM,HYD,2026-04-20 15:38:41.702,2026-04-20 19:50:41.702,252.0,False,252.0,False,False,252.0,False,False,True
AI072,AIR INDIA,BLR,CCU,2026-04-20 15:34:41.702,2026-04-20 16:32:41.702,58.0,False,58.0,False,False,58.0,False,False,True
UK131,VISTARA,BOM,DEL,2026-04-20 15:33:41.702,2026-04-20 19:39:41.702,246.0,False,246.0,False,False,246.0,False,False,True
SJ150,SPICEJET,BOM,HYD,2026-04-20 15:33:41.702,2026-04-20 19:03:41.702,210.0,False,210.0,False,False,210.0,False,False,True
6F097,INDIGO,BLR,BOM,2026-04-20 15:32:41.702,2026-04-20 16:49:41.702,77.0,False,77.0,False,False,77.0,False,False,True
6F123,INDIGO,DEL,HYD,2026-04-20 15:26:41.702,2026-04-20 17:12:41.702,106.0,False,106.0,False,False,106.0,False,False,True
6F017,INDIGO,CCU,BOM,2026-04-20 15:25:41.701,2026-04-20 18:06:41.701,161.0,False,161.0,False,False,161.0,False,False,True
6F245,INDIGO,CCU,BOM,2026-04-20 15:25:41.701,2026-04-20 18:06:41.701,161.0,False,161.0,False,False,161.0,False,False,True
6F180,INDIGO,MAA,BLR,2026-04-20 15:24:41.703,2026-04-20 19:48:41.703,264.0,False,264.0,False,False,264.0,False,False,True
6F152,INDIGO,CCU,DEL,2026-04-20 15:21:41.703,2026-04-20 17:25:41.703,124.0,False,124.0,False,False,124.0,False,False,True
SJ034,SPICEJET,MAA,BOM,2026-04-20 15:20:41.701,2026-04-20 20:11:41.701,291.0,False,291.0,False,False,291.0,False,False,True
SJ142,SPICEJET,CCU,BOM,2026-04-20 15:14:41.702,2026-04-20 16:56:41.702,102.0,False,102.0,False,False,102.0,False,False,True
UK189,VISTARA,BLR,MAA,2026-04-20 15:07:41.703,2026-04-20 18:51:41.703,224.0,False,224.0,False,False,224.0,False,False,True
SJ044,SPICEJET,DEL,CCU,2026-04-20 15:06:41.701,2026-04-20 17:43:41.701,157.0,False,157.0,False,False,157.0,False,False,True
SJ196,SPICEJET,DEL,HYD,2026-04-20 14:58:41.703,2026-04-20 17:44:41.703,166.0,False,166.0,False,False,166.0,False,False,True
6F188,INDIGO,DEL,HYD,2026-04-20 14:57:41.703,2026-04-20 19:39:41.703,282.0,False,282.0,False,False,282.0,False,False,True
6F181,INDIGO,BOM,MAA,2026-04-20 14:55:41.703,2026-04-20 16:43:41.703,108.0,False,108.0,False,False,108.0,False,False,True
6F077,INDIGO,CCU,DEL,2026-04-20 14:55:41.702,2026-04-20 19:13:41.702,258.0,False,258.0,False,False,258.0,False,False,True
SJ154,SPICEJET,BLR,HYD,2026-04-20 14:47:41.702,2026-04-20 16:26:41.702,99.0,False,99.0,False,False,99.0,False,False,True
AI025,AIR INDIA,HYD,DEL,2026-04-20 14:46:41.701,2026-04-20 17:11:41.701,145.0,False,145.0,False,False,145.0,False,False,True
AI094,AIR INDIA,DEL,BLR,2026-04-20 14:44:41.702,2026-04-20 15:44:42.000,60.0,False,60.0,False,False,60.0,False,False,True
6F191,INDIGO,BLR,DEL,2026-04-20 14:41:41.703,2026-04-20 15:11:41.703,30.0,False,30.0,False,False,30.0,False,False,True
SJ085,SPICEJET,BLR,MAA,2026-04-20 14:41:41.702,2026-04-20 19:11:41.702,270.0,False,270.0,False,False,270.0,False,False,True
6F261,INDIGO,CCU,DEL,2026-04-20 14:31:41.703,2026-04-20 17:29:41.703,178.0,False,178.0,False,False,178.0,False,False,True
6F129,INDIGO,DEL,CCU,2026-04-20 14:28:41.702,2026-04-20 16:47:41.702,139.0,False,139.0,False,False,139.0,False,False,True
6F254,INDIGO,MAA,BLR,2026-04-20 14:26:41.703,2026-04-20 18:01:41.703,215.0,False,215.0,False,False,215.0,False,False,True
SJ185,SPICEJET,BOM,CCU,2026-04-20 14:21:41.703,2026-04-20 15:21:41.703,60.0,False,60.0,False,False,60.0,False,False,True
6F030,INDIGO,BOM,DEL,2026-04-20 14:20:41.701,2026-04-20 17:10:41.701,170.0,False,170.0,False,False,170.0,False,False,True
SJ222,SPICEJET,BOM,DEL,2026-04-20 14:15:41.703,2026-04-20 17:09:41.703,174.0,False,174.0,False,False,174.0,False,False,True
6F259,INDIGO,BOM,DEL,2026-04-20 14:10:41.703,2026-04-20 15:21:41.703,71.0,False,71.0,False,False,71.0,False,False,True
UK083,VISTARA,DEL,HYD,2026-04-20 14:10:41.702,2026-04-20 14:59:41.702,49.0,False,49.0,False,False,49.0,False,False,True
6F051,INDIGO,BLR,BOM,2026-04-20 13:58:41.701,2026-04-20 15:58:41.701,120.0,False,120.0,False,False,120.0,False,False,True
SJ088,SPICEJET,CCU,MAA,2026-04-20 13:54:41.702,2026-04-20 14:26:41.702,32.0,False,32.0,False,False,32.0,False,False,True
6F146,INDIGO,HYD,MAA,2026-04-20 13:51:41.703,2026-04-20 15:07:41.703,76.0,False,76.0,False,False,76.0,False,False,True
6F047,INDIGO,MAA,DEL,2026-04-20 13:50:41.701,2026-04-20 15:55:41.701,125.0,False,125.0,False,False,125.0,False,False,True
AI077,AIR INDIA,CCU,HYD,2026-04-20 13:45:41.702,2026-04-20 14:51:41.702,66.0,False,66.0,False,False,66.0,False,False,True
UK134,VISTARA,HYD,CCU,2026-04-20 13:44:41.702,2026-04-20 17:26:41.702,222.0,False,222.0,False,False,222.0,False,False,True
AI056,AIR INDIA,DEL,MAA,2026-04-20 13:44:41.701,2026-04-20 17:39:41.701,235.0,False,235.0,False,False,235.0,False,False,True
UK141,VISTARA,HYD,MAA,2026-04-20 13:38:41.703,2026-04-20 15:59:41.703,141.0,False,141.0,False,False,141.0,False,False,True
AI030,AIR INDIA,CCU,HYD,2026-04-20 13:33:41.701,2026-04-20 16:52:41.701,199.0,False,199.0,False,False,199.0,False,False,True
AI029,AIR INDIA,MAA,DEL,2026-04-20 13:29:41.701,2026-04-20 17:53:41.701,264.0,False,264.0,False,False,264.0,False,False,True
SJ167,SPICEJET,MAA,CCU,2026-04-20 13:18:41.703,2026-04-20 14:12:41.703,54.0,False,54.0,False,False,54.0,False,False,True
UK017,VISTARA,BLR,HYD,2026-04-20 13:14:41.701,2026-04-20 14:49:41.701,95.0,False,95.0,False,False,95.0,False,False,True
6F229,INDIGO,MAA,DEL,2026-04-20 13:10:41.704,2026-04-20 14:30:41.704,80.0,False,80.0,False,False,80.0,False,False,True
SJ117,SPICEJET,MAA,BLR,2026-04-20 13:10:41.702,2026-04-20 17:06:41.702,236.0,False,236.0,False,False,236.0,False,False,True
6F184,INDIGO,MAA,BOM,2026-04-20 13:05:41.703,2026-04-20 16:04:41.703,179.0,False,179.0,False,False,179.0,False,False,True
AI031,AIR INDIA,DEL,MAA,2026-04-20 13:05:41.701,2026-04-20 16:11:41.701,186.0,False,186.0,False,False,186.0,False,False,True
AI178,AIR INDIA,CCU,BLR,2026-04-20 13:04:41.703,2026-04-20 14:03:41.703,59.0,False,59.0,False,False,59.0,False,False,True
SJ089,SPICEJET,HYD,CCU,2026-04-20 12:42:41.702,2026-04-20 17:15:41.702,273.0,False,273.0,False,False,273.0,False,False,True
UK166,VISTARA,HYD,MAA,2026-04-20 12:39:41.703,2026-04-20 17:32:41.703,293.0,False,293.0,False,False,293.0,False,False,True
UK104,VISTARA,DEL,BOM,2026-04-20 12:30:41.702,2026-04-20 13:52:41.702,82.0,False,82.0,False,False,82.0,False,False,True
6F168,INDIGO,HYD,DEL,2026-04-20 12:18:41.703,2026-04-20 15:58:41.703,220.0,False,220.0,False,False,220.0,False,False,True
AI222,AIR INDIA,BOM,DEL,2026-04-20 12:10:41.703,2026-04-20 13:14:41.703,64.0,False,64.0,False,False,64.0,False,False,True
SJ025,SPICEJET,BOM,CCU,2026-04-20 12:02:41.701,2026-04-20 15:29:41.701,207.0,False,207.0,False,False,207.0,False,False,True
6F255,INDIGO,DEL,BOM,2026-04-20 11:59:41.703,2026-04-20 15:33:41.703,214.0,False,214.0,False,False,214.0,False,False,True
UK228,VISTARA,DEL,MAA,2026-04-20 11:58:41.704,2026-04-20 15:08:41.704,190.0,False,190.0,False,False,190.0,False,False,True
6F158,INDIGO,CCU,MAA,2026-04-20 11:58:41.703,2026-04-20 16:04:41.703,246.0,False,246.0,False,False,246.0,False,False,True
SJ218,SPICEJET,DEL,HYD,2026-04-20 11:58:41.703,2026-04-20 15:03:41.703,185.0,False,185.0,False,False,185.0,False,False,True
6F034,INDIGO,BOM,DEL,2026-04-20 11:53:41.701,2026-04-20 12:49:41.701,56.0,False,56.0,False,False,56.0,False,False,True
UK156,VISTARA,MAA,BLR,2026-04-20 11:50:41.703,2026-04-20 15:54:41.703,244.0,False,244.0,False,False,244.0,False,False,True
6F105,INDIGO,BLR,BOM,2026-04-20 11:46:41.702,2026-04-20 12:58:41.702,72.0,False,72.0,False,False,72.0,False,False,True
6F073,INDIGO,DEL,CCU,2026-04-20 11:38:41.702,2026-04-20 15:18:41.702,220.0,False,220.0,False,False,220.0,False,False,True
SJ074,SPICEJET,DEL,CCU,2026-04-20 11:21:41.701,2026-04-20 12:02:41.701,41.0,False,41.0,False,False,41.0,False,False,True
6F234,INDIGO,BOM,DEL,2026-04-20 11:20:41.704,2026-04-20 14:11:41.704,171.0,False,171.0,False,False,171.0,False,False,True
6F068,INDIGO,BLR,HYD,2026-04-20 11:17:41.701,2026-04-20 15:06:41.701,229.0,False,229.0,False,False,229.0,False,False,True
6F074,INDIGO,HYD,BOM,2026-04-20 11:09:41.702,2026-04-20 14:29:41.702,200.0,False,200.0,False,False,200.0,False,False,True
AI038,AIR INDIA,HYD,MAA,2026-04-20 11:05:41.701,2026-04-20 15:44:41.701,279.0,False,279.0,False,False,279.0,False,False,True
AI079,AIR INDIA,CCU,BLR,2026-04-20 11:04:41.702,2026-04-20 13:19:41.702,135.0,False,135.0,False,False,135.0,False,False,True
SJ018,SPICEJET,BOM,CCU,2026-04-20 10:58:41.701,2026-04-20 13:31:41.701,153.0,False,153.0,False,False,153.0,False,False,True
6F018,INDIGO,DEL,BLR,2026-04-20 10:57:41.701,2026-04-20 11:43:41.701,46.0,False,46.0,False,False,46.0,False,False,True
AI091,AIR INDIA,CCU,MAA,2026-04-20 10:52:41.702,2026-04-20 15:15:41.702,263.0,False,263.0,False,False,263.0,False,False,True
UK071,VISTARA,DEL,HYD,2026-04-20 10:50:41.701,2026-04-20 14:06:41.701,196.0,False,196.0,False,False,196.0,False,False,True
AI019,AIR INDIA,BOM,CCU,2026-04-20 10:49:41.701,2026-04-20 11:51:41.701,62.0,False,62.0,False,False,62.0,False,False,True
UK212,VISTARA,HYD,MAA,2026-04-20 10:46:41.704,2026-04-20 11:31:41.704,45.0,False,45.0,False,False,45.0,False,False,True
AI146,AIR INDIA,BLR,DEL,2026-04-20 10:40:41.702,2026-04-20 13:46:41.702,186.0,False,186.0,False,False,186.0,False,False,True
6F232,INDIGO,MAA,BLR,2026-04-20 10:39:41.704,2026-04-20 12:22:41.704,103.0,False,103.0,False,False,103.0,False,False,True
6F084,INDIGO,CCU,HYD,2026-04-20 10:34:41.702,2026-04-20 11:34:42.000,60.0,False,60.0,False,False,60.0,False,False,True
AI129,AIR INDIA,BOM,CCU,2026-04-20 10:29:41.702,2026-04-20 13:38:41.702,189.0,False,189.0,False,False,189.0,False,False,True
AI240,AIR INDIA,MAA,DEL,2026-04-20 10:19:41.704,2026-04-20 12:46:41.704,147.0,False,147.0,False,False,147.0,False,False,True
6F091,INDIGO,BLR,CCU,2026-04-20 10:10:41.702,2026-04-20 11:36:41.702,86.0,False,86.0,False,False,86.0,False,False,True
UK133,VISTARA,BOM,DEL,2026-04-20 10:04:41.702,2026-04-20 13:16:41.702,192.0,False,192.0,False,False,192.0,False,False,True
SJ007,SPICEJET,BOM,CCU,2026-04-20 10:03:41.701,2026-04-20 14:53:41.701,290.0,False,290.0,False,False,290.0,False,False,True
SJ141,SPICEJET,CCU,DEL,2026-04-20 10:00:41.702,2026-04-20 13:37:41.702,217.0,False,217.0,False,False,217.0,False,False,True
6F049,INDIGO,HYD,DEL,2026-04-20 10:00:41.701,2026-04-20 13:13:41.701,193.0,False,193.0,False,False,193.0,False,False,True
SJ235,SPICEJET,BOM,DEL,2026-04-20 09:57:41.704,2026-04-20 13:45:41.704,228.0,False,228.0,False,False,228.0,False,False,True
UK087,VISTARA,HYD,MAA,2026-04-20 09:49:41.702,2026-04-20 13:17:41.702,208.0,False,208.0,False,False,208.0,False,False,True
UK170,VISTARA,BOM,BLR,2026-04-20 09:42:41.703,2026-04-20 11:32:41.703,110.0,False,110.0,False,False,110.0,False,False,True
SJ078,SPICEJET,DEL,HYD,2026-04-20 09:41:41.701,2026-04-20 12:49:41.701,188.0,False,188.0,False,False,188.0,False,False,True
SJ075,SPICEJET,MAA,BLR,2026-04-20 09:26:41.701,2026-04-20 11:03:41.701,97.0,False,97.0,False,False,97.0,False,False,True
AI159,AIR INDIA,HYD,BLR,2026-04-20 09:23:41.703,2026-04-20 11:36:41.703,133.0,False,133.0,False,False,133.0,False,False,True
UK120,VISTARA,HYD,DEL,2026-04-20 09:19:41.702,2026-04-20 13:30:41.702,251.0,False,251.0,False,False,251.0,False,False,True
AI059,AIR INDIA,CCU,DEL,2026-04-20 09:16:41.701,2026-04-20 11:43:41.701,147.0,False,147.0,False,False,147.0,False,False,True
UK040,VISTARA,HYD,CCU,2026-04-20 09:15:41.701,2026-04-20 10:32:41.701,77.0,False,77.0,False,False,77.0,False,False,True
AI044,AIR INDIA,MAA,BLR,2026-04-20 09:03:41.701,2026-04-20 12:36:41.701,213.0,False,213.0,False,False,213.0,False,False,True
AI078,AIR INDIA,DEL,BOM,2026-04-20 08:58:41.702,2026-04-20 13:28:41.702,270.0,False,270.0,False,False,270.0,False,False,True
SJ226,SPICEJET,HYD,BOM,2026-04-20 08:47:41.704,2026-04-20 12:54:41.704,247.0,False,247.0,False,False,247.0,False,False,True
6F209,INDIGO,MAA,CCU,2026-04-20 08:40:41.703,2026-04-20 13:40:41.703,300.0,False,300.0,False,False,300.0,False,False,True
UK193,VISTARA,HYD,DEL,2026-04-20 08:39:41.703,2026-04-20 09:14:41.703,35.0,False,35.0,False,False,35.0,False,False,True
6F092,INDIGO,MAA,BLR,2026-04-20 08:39:41.702,2026-04-20 09:15:41.702,36.0,False,36.0,False,False,36.0,False,False,True
AI208,AIR INDIA,BLR,BOM,2026-04-20 08:38:41.703,2026-04-20 11:52:41.703,194.0,False,194.0,False,False,194.0,False,False,True
SJ227,SPICEJET,BOM,CCU,2026-04-20 08:32:41.704,2026-04-20 12:53:41.704,261.0,False,261.0,False,False,261.0,False,False,True
6F238,INDIGO,BOM,DEL,2026-04-20 08:31:41.704,2026-04-20 09:19:41.704,48.0,False,48.0,False,False,48.0,False,False,True
AI084,AIR INDIA,BOM,HYD,2026-04-20 08:31:41.702,2026-04-20 09:46:41.702,75.0,False,75.0,False,False,75.0,False,False,True
SJ228,SPICEJET,BOM,CCU,2026-04-20 08:29:41.704,2026-04-20 12:16:41.704,227.0,False,227.0,False,False,227.0,False,False,True
UK194,VISTARA,CCU,BOM,2026-04-20 08:26:41.703,2026-04-20 09:26:42.000,60.0,False,60.0,False,False,60.0,False,False,True
6F126,INDIGO,CCU,MAA,2026-04-20 08:21:41.702,2026-04-20 09:39:41.702,78.0,False,78.0,False,False,78.0,False,False,True
SJ052,SPICEJET,MAA,BLR,2026-04-20 08:20:41.701,2026-04-20 09:57:41.701,97.0,False,97.0,False,False,97.0,False,False,True
AI233,AIR INDIA,BLR,BOM,2026-04-20 08:04:41.704,2026-04-20 09:52:41.704,108.0,False,108.0,False,False,108.0,False,False,True
AI213,AIR INDIA,HYD,CCU,2026-04-20 08:03:41.703,2026-04-20 09:14:41.703,71.0,False,71.0,False,False,71.0,False,False,True
UK076,VISTARA,MAA,CCU,2026-04-20 08:03:41.702,2026-04-20 12:26:41.702,263.0,False,263.0,False,False,263.0,False,False,True
SJ022,SPICEJET,DEL,BLR,2026-04-20 07:56:41.701,2026-04-20 11:07:41.701,191.0,False,191.0,False,False,191.0,False,False,True
SJ002,SPICEJET,DEL,BOM,2026-04-20 07:54:41.701,2026-04-20 12:40:41.701,286.0,False,286.0,False,False,286.0,False,False,True
AI163,AIR INDIA,HYD,MAA,2026-04-20 07:45:41.703,2026-04-20 08:46:41.703,61.0,False,61.0,False,False,61.0,False,False,True
UK229,VISTARA,HYD,DEL,2026-04-20 07:40:41.704,2026-04-20 11:57:41.704,257.0,False,257.0,False,False,257.0,False,False,True
UK185,VISTARA,DEL,MAA,2026-04-20 07:31:41.703,2026-04-20 08:48:41.703,77.0,False,77.0,False,False,77.0,False,False,True
6F029,INDIGO,BOM,BLR,2026-04-20 07:31:41.701,2026-04-20 11:45:41.701,254.0,False,254.0,False,False,254.0,False,False,True
6F056,INDIGO,BOM,MAA,2026-04-20 07:00:41.701,2026-04-20 08:49:41.701,109.0,False,109.0,False,False,109.0,False,False,True
AI062,AIR INDIA,MAA,DEL,2026-04-20 06:49:41.701,2026-04-20 07:25:41.701,36.0,False,36.0,False,False,36.0,False,False,True
UK034,VISTARA,DEL,BLR,2026-04-20 06:47:41.701,2026-04-20 10:11:41.701,204.0,False,204.0,False,False,204.0,False,False,True
UK079,VISTARA,DEL,BLR,2026-04-20 06:43:41.702,2026-04-20 10:34:41.702,231.0,False,231.0,False,False,231.0,False,False,True
AI135,AIR INDIA,BLR,BOM,2026-04-20 06:40:41.702,2026-04-20 09:21:41.702,161.0,False,161.0,False,False,161.0,False,False,True
SJ061,SPICEJET,MAA,BLR,2026-04-20 06:38:41.701,2026-04-20 09:35:41.701,177.0,False,177.0,False,False,177.0,False,False,True
AI047,AIR INDIA,CCU,MAA,2026-04-20 06:36:41.701,2026-04-20 07:23:41.701,47.0,False,47.0,False,False,47.0,False,False,True
UK210,VISTARA,DEL,CCU,2026-04-20 06:35:41.704,2026-04-20 07:30:41.704,55.0,False,55.0,False,False,55.0,False,False,True
AI088,AIR INDIA,MAA,DEL,2026-04-20 06:34:41.702,2026-04-20 10:10:41.702,216.0,False,216.0,False,False,216.0,False,False,True
UK177,VISTARA,DEL,HYD,2026-04-20 06:21:41.703,2026-04-20 10:50:41.703,269.0,False,269.0,False,False,269.0,False,False,True
AI128,AIR INDIA,BOM,CCU,2026-04-20 06:07:41.702,2026-04-20 10:03:41.702,236.0,False,236.0,False,False,236.0,False,False,True
AI158,AIR INDIA,CCU,DEL,2026-04-20 06:04:41.703,2026-04-20 09:01:41.703,177.0,False,177.0,False,False,177.0,False,False,True
UK206,VISTARA,MAA,BLR,2026-04-20 06:01:41.703,2026-04-20 10:34:41.703,273.0,False,273.0,False,False,273.0,False,False,True
SJ138,SPICEJET,BLR,BOM,2026-04-20 05:55:41.702,2026-04-20 06:43:41.702,48.0,False,48.0,False,False,48.0,False,False,True
AI034,AIR INDIA,DEL,BOM,2026-04-20 05:48:41.701,2026-04-20 10:31:41.701,283.0,False,283.0,False,False,283.0,False,False,True
AI012,AIR INDIA,BOM,CCU,2026-04-20 05:44:41.701,2026-04-20 09:47:41.701,243.0,False,243.0,False,False,243.0,False,False,True
6F083,INDIGO,BLR,DEL,2026-04-20 05:24:41.702,2026-04-20 06:03:41.702,39.0,False,39.0,False,False,39.0,False,False,True
SJ083,SPICEJET,MAA,BLR,2026-04-20 05:13:41.702,2026-04-20 08:17:41.702,184.0,False,184.0,False,False,184.0,False,False,True
SJ186,SPICEJET,CCU,DEL,2026-04-20 05:11:41.703,2026-04-20 07:22:41.703,131.0,False,131.0,False,False,131.0,False,False,True
UK001,VISTARA,CCU,DEL,2026-04-20 05:06:41.700,2026-04-20 06:31:41.700,85.0,False,85.0,False,False,85.0,False,False,True
AI217,AIR INDIA,CCU,BLR,2026-04-20 04:57:41.703,2026-04-20 07:14:41.703,137.0,False,137.0,False,False,137.0,False,False,True
6F178,INDIGO,BOM,CCU,2026-04-20 04:48:41.703,2026-04-20 09:11:41.703,263.0,False,263.0,False,False,263.0,False,False,True
UK015,VISTARA,BLR,BOM,2026-04-20 04:46:41.701,2026-04-20 06:33:41.701,107.0,False,107.0,False,False,107.0,False,False,True
AI112,AIR INDIA,DEL,BLR,2026-04-20 04:41:41.702,2026-04-20 08:24:41.702,223.0,False,223.0,False,False,223.0,False,False,True
UK100,VISTARA,CCU,BLR,2026-04-20 04:40:41.702,2026-04-20 07:12:41.702,152.0,False,152.0,False,False,152.0,False,False,True
6F133,INDIGO,MAA,BLR,2026-04-20 04:38:41.702,2026-04-20 06:25:41.702,107.0,False,107.0,False,False,107.0,False,False,True
AI227,AIR INDIA,BLR,MAA,2026-04-20 04:31:41.703,2026-04-20 08:17:41.703,226.0,False,226.0,False,False,226.0,False,False,True
UK093,VISTARA,HYD,CCU,2026-04-20 04:31:41.702,2026-04-20 05:21:41.702,50.0,False,50.0,False,False,50.0,False,False,True
UK203,VISTARA,BLR,HYD,2026-04-20 04:12:41.703,2026-04-20 05:24:41.703,72.0,False,72.0,False,False,72.0,False,False,True
UK154,VISTARA,MAA,HYD,2026-04-20 04:00:41.703,2026-04-20 07:57:41.703,237.0,False,237.0,False,False,237.0,False,False,True
UK073,VISTARA,BLR,CCU,2026-04-20 03:59:41.702,2026-04-20 08:09:41.702,250.0,False,250.0,False,False,250.0,False,False,True
AI164,AIR INDIA,DEL,BLR,2026-04-20 03:57:41.703,2026-04-20 05:45:41.703,108.0,False,108.0,False,False,108.0,False,False,True
UK008,VISTARA,CCU,BLR,2026-04-20 03:57:41.701,2026-04-20 04:34:41.701,37.0,False,37.0,False,False,37.0,False,False,True
UK051,VISTARA,HYD,DEL,2026-04-20 03:55:41.701,2026-04-20 06:55:41.701,180.0,False,180.0,False,False,180.0,False,False,True
UK208,VISTARA,DEL,CCU,2026-04-20 03:54:41.704,2026-04-20 08:51:41.704,297.0,False,297.0,False,False,297.0,False,False,True
AI150,AIR INDIA,BOM,DEL,2026-04-20 03:51:41.703,2026-04-20 04:38:41.703,47.0,False,47.0,False,False,47.0,False,False,True
AI189,AIR INDIA,CCU,DEL,2026-04-20 03:44:41.703,2026-04-20 05:32:41.703,108.0,False,108.0,False,False,108.0,False,False,True
6F230,INDIGO,CCU,BLR,2026-04-20 03:34:41.704,2026-04-20 06:47:41.704,193.0,False,193.0,False,False,193.0,False,False,True
6F169,INDIGO,BOM,DEL,2026-04-20 03:27:41.703,2026-04-20 08:06:41.703,279.0,False,279.0,False,False,279.0,False,False,True
AI205,AIR INDIA,BLR,BOM,2026-04-20 03:26:41.703,2026-04-20 05:14:41.703,108.0,False,108.0,False,False,108.0,False,False,True
AI103,AIR INDIA,BLR,BOM,2026-04-20 03:26:41.702,2026-04-20 04:04:41.702,38.0,False,38.0,False,False,38.0,False,False,True
6F250,INDIGO,DEL,BLR,2026-04-20 03:26:41.701,2026-04-20 07:30:41.701,244.0,False,244.0,False,False,244.0,False,False,True
AI246,AIR INDIA,BOM,BLR,2026-04-20 03:22:41.704,2026-04-20 06:41:41.704,199.0,False,199.0,False,False,199.0,False,False,True
6F187,INDIGO,BOM,MAA,2026-04-20 03:19:41.703,2026-04-20 07:37:41.703,258.0,False,258.0,False,False,258.0,False,False,True
AI082,AIR INDIA,DEL,CCU,2026-04-20 03:19:41.702,2026-04-20 06:01:41.702,162.0,False,162.0,False,False,162.0,False,False,True
UK116,VISTARA,CCU,BOM,2026-04-20 03:18:41.702,2026-04-20 07:06:41.702,228.0,False,228.0,False,False,228.0,False,False,True
SJ169,SPICEJET,BOM,MAA,2026-04-20 03:10:41.703,2026-04-20 07:56:41.703,286.0,False,286.0,False,False,286.0,False,False,True
AI175,AIR INDIA,BOM,HYD,2026-04-20 03:08:41.703,2026-04-20 06:55:41.703,227.0,False,227.0,False,False,227.0,False,False,True
SJ098,SPICEJET,HYD,MAA,2026-04-20 03:02:41.702,2026-04-20 03:37:41.702,35.0,False,35.0,False,False,35.0,False,False,True
SJ191,SPICEJET,BLR,BOM,2026-04-20 03:01:41.703,2026-04-20 04:23:41.703,82.0,False,82.0,False,False,82.0,False,False,True
SJ017,SPICEJET,DEL,MAA,2026-04-20 02:57:41.701,2026-04-20 05:00:41.701,123.0,False,123.0,False,False,123.0,False,False,True
UK188,VISTARA,MAA,BLR,2026-04-20 02:55:41.703,2026-04-20 03:44:41.703,49.0,False,49.0,False,False,49.0,False,False,True
AI196,AIR INDIA,MAA,HYD,2026-04-20 02:52:41.703,2026-04-20 04:25:41.703,93.0,False,93.0,False,False,93.0,False,False,True
AI068,AIR INDIA,BOM,BLR,2026-04-20 02:48:41.702,2026-04-20 04:48:42.000,120.0,False,120.0,False,False,120.0,False,False,True
SJ097,SPICEJET,BOM,CCU,2026-04-20 02:37:41.702,2026-04-20 05:27:41.702,170.0,False,170.0,False,False,170.0,False,False,True
SJ030,SPICEJET,DEL,HYD,2026-04-20 02:36:41.701,2026-04-20 03:19:41.701,43.0,False,43.0,False,False,43.0,False,False,True
6F179,INDIGO,HYD,MAA,2026-04-20 02:25:41.703,2026-04-20 06:40:41.703,255.0,False,255.0,False,False,255.0,False,False,True
6F156,INDIGO,MAA,BOM,2026-04-20 02:23:41.703,2026-04-20 04:57:41.703,154.0,False,154.0,False,False,154.0,False,False,True
6F250,INDIGO,CCU,BLR,2026-04-20 02:23:41.702,2026-04-20 02:56:41.702,33.0,False,33.0,False,False,33.0,False,False,True
SJ057,SPICEJET,BOM,CCU,2026-04-20 02:17:41.701,2026-04-20 05:29:41.701,192.0,False,192.0,False,False,192.0,False,False,True
6F036,INDIGO,CCU,BLR,2026-04-20 02:14:41.701,2026-04-20 06:57:41.701,283.0,False,283.0,False,False,283.0,False,False,True
6F201,INDIGO,CCU,BOM,2026-04-20 02:09:41.703,2026-04-20 06:49:41.703,280.0,False,280.0,False,False,280.0,False,False,True
6F143,INDIGO,CCU,DEL,2026-04-20 02:09:41.702,2026-04-20 06:08:41.702,239.0,False,239.0,False,False,239.0,False,False,True
6F177,INDIGO,HYD,MAA,2026-04-20 02:03:41.703,2026-04-20 04:25:41.703,142.0,False,142.0,False,False,142.0,False,False,True
6F031,INDIGO,BOM,BLR,2026-04-20 02:00:41.701,2026-04-20 06:37:41.701,277.0,False,277.0,False,False,277.0,False,False,True
UK165,VISTARA,DEL,BLR,2026-04-20 01:51:41.703,2026-04-20 06:04:41.703,253.0,False,253.0,False,False,253.0,False,False,True
6F122,INDIGO,DEL,BLR,2026-04-20 01:44:41.702,2026-04-20 05:28:41.702,224.0,False,224.0,False,False,224.0,False,False,True
AI009,AIR INDIA,DEL,CCU,2026-04-20 01:31:41.701,2026-04-20 04:05:41.701,154.0,False,154.0,False,False,154.0,False,False,True
6F046,INDIGO,DEL,BLR,2026-04-20 01:27:41.701,2026-04-20 05:08:41.701,221.0,False,221.0,False,False,221.0,False,False,True
AI051,AIR INDIA,MAA,BLR,2026-04-20 01:27:41.701,2026-04-20 02:22:41.701,55.0,False,55.0,False,False,55.0,False,False,True
UK222,VISTARA,BOM,CCU,2026-04-20 01:22:41.704,2026-04-20 02:57:41.704,95.0,False,95.0,False,False,95.0,False,False,True
SJ127,SPICEJET,BOM,DEL,2026-04-20 01:21:41.702,2026-04-20 03:58:41.702,157.0,False,157.0,False,False,157.0,False,False,True
AI226,AIR INDIA,BLR,HYD,2026-04-20 01:19:41.703,2026-04-20 04:08:41.703,169.0,False,169.0,False,False,169.0,False,False,True
AI216,AIR INDIA,BOM,CCU,2026-04-20 01:10:41.703,2026-04-20 02:34:41.703,84.0,False,84.0,False,False,84.0,False,False,True
6F058,INDIGO,BOM,CCU,2026-04-20 01:04:41.701,2026-04-20 03:33:41.701,149.0,False,149.0,False,False,149.0,False,False,True
SJ207,SPICEJET,DEL,CCU,2026-04-20 00:52:41.703,2026-04-20 04:05:41.703,193.0,False,193.0,False,False,193.0,False,False,True
SJ198,SPICEJET,CCU,BOM,2026-04-20 00:47:41.703,2026-04-20 05:28:41.703,281.0,False,281.0,False,False,281.0,False,False,True
SJ108,SPICEJET,BLR,HYD,2026-04-20 00:40:41.702,2026-04-20 03:16:41.702,156.0,False,156.0,False,False,156.0,False,False,True
SJ155,SPICEJET,DEL,CCU,2026-04-20 00:38:41.702,2026-04-20 05:38:41.702,300.0,False,300.0,False,False,300.0,False,False,True
6F193,INDIGO,BOM,MAA,2026-04-20 00:34:41.703,2026-04-20 02:32:41.703,118.0,False,118.0,False,False,118.0,False,False,True
6F019,INDIGO,BLR,BOM,2026-04-20 00:19:41.701,2026-04-20 04:14:41.701,235.0,False,235.0,False,False,235.0,False,False,True
AI102,AIR INDIA,CCU,BLR,2026-04-20 00:17:41.702,2026-04-20 05:08:41.702,291.0,False,291.0,False,False,291.0,False,False,True
6F166,INDIGO,BOM,CCU,2026-04-20 00:03:41.703,2026-04-20 04:33:41.703,270.0,False,270.0,False,False,270.0,False,False,True
UK175,VISTARA,BLR,BOM,2026-04-19 23:56:41.703,2026-04-20 03:18:41.703,202.0,True,202.0,False,False,202.0,False,False,True
6F010,INDIGO,DEL,BLR,2026-04-19 23:53:41.701,2026-04-20 03:44:41.701,231.0,True,231.0,False,False,231.0,False,False,True
AI234,AIR INDIA,BOM,MAA,2026-04-19 23:50:41.704,2026-04-20 01:34:41.704,104.0,True,104.0,False,False,104.0,False,False,True
UK135,VISTARA,HYD,DEL,2026-04-19 23:50:41.702,2026-04-20 01:43:41.702,113.0,True,113.0,False,False,113.0,False,False,True
6F272,INDIGO,HYD,MAA,2026-04-19 23:35:41.702,2026-04-20 00:22:41.702,47.0,True,47.0,False,False,47.0,False,False,True
AI061,AIR INDIA,BOM,CCU,2026-04-19 23:31:41.701,2026-04-20 01:02:41.701,91.0,True,91.0,False,False,91.0,False,False,True
6F070,INDIGO,HYD,DEL,2026-04-19 23:23:41.701,2026-04-20 02:24:41.701,181.0,True,181.0,False,False,181.0,False,False,True
AI015,AIR INDIA,BLR,CCU,2026-04-19 23:21:41.701,2026-04-20 01:15:41.701,114.0,True,114.0,False,False,114.0,False,False,True
SJ076,SPICEJET,DEL,MAA,2026-04-19 23:01:41.701,2026-04-20 02:02:41.701,181.0,True,181.0,False,False,181.0,False,False,True
SJ029,SPICEJET,HYD,DEL,2026-04-19 22:55:41.701,2026-04-20 00:22:41.701,87.0,True,87.0,False,False,87.0,False,False,True
SJ194,SPICEJET,CCU,DEL,2026-04-19 22:46:41.703,2026-04-20 02:31:41.703,225.0,True,225.0,False,False,225.0,False,False,True
AI235,AIR INDIA,BLR,HYD,2026-04-19 22:45:41.704,2026-04-20 02:12:41.704,207.0,True,207.0,False,False,207.0,False,False,True
SJ048,SPICEJET,MAA,BLR,2026-04-19 22:43:41.701,2026-04-20 00:19:41.701,96.0,True,96.0,False,False,96.0,False,False,True
SJ114,SPICEJET,HYD,DEL,2026-04-19 22:42:41.702,2026-04-20 02:02:41.702,200.0,True,200.0,False,False,200.0,False,False,True
SJ146,SPICEJET,HYD,BLR,2026-04-19 22:37:41.702,2026-04-20 00:33:41.702,116.0,True,116.0,False,False,116.0,False,False,True
UK041,VISTARA,HYD,MAA,2026-04-19 22:37:41.701,2026-04-19 23:44:41.701,67.0,False,67.0,False,False,67.0,False,False,True
6F075,INDIGO,BOM,CCU,2026-04-19 22:20:41.702,2026-04-20 03:02:41.702,282.0,True,282.0,False,False,282.0,False,False,True
SJ020,SPICEJET,BLR,BOM,2026-04-19 22:18:41.701,2026-04-20 02:27:41.701,249.0,True,249.0,False,False,249.0,False,False,True
SJ099,SPICEJET,MAA,BLR,2026-04-19 22:14:41.702,2026-04-20 00:34:41.702,140.0,True,140.0,False,False,140.0,False,False,True
6F078,INDIGO,BOM,CCU,2026-04-19 22:04:41.702,2026-04-19 23:37:41.702,93.0,False,93.0,False,False,93.0,False,False,True
UK219,VISTARA,BOM,HYD,2026-04-19 22:03:41.704,2026-04-20 02:21:41.704,258.0,True,258.0,False,False,258.0,False,False,True
UK223,VISTARA,CCU,DEL,2026-04-19 21:58:41.704,2026-04-19 22:30:41.704,32.0,False,32.0,False,False,32.0,False,False,True
UK227,VISTARA,BOM,HYD,2026-04-19 21:57:41.704,2026-04-20 01:47:41.704,230.0,True,230.0,False,False,230.0,False,False,True
6F260,INDIGO,CCU,DEL,2026-04-19 21:51:41.702,2026-04-20 01:14:41.702,203.0,True,203.0,False,False,203.0,False,False,True
AI096,AIR INDIA,CCU,DEL,2026-04-19 21:48:41.702,2026-04-20 02:46:41.702,298.0,True,298.0,False,False,298.0,False,False,True
6F022,INDIGO,MAA,BLR,2026-04-19 21:46:41.701,2026-04-20 02:05:41.701,259.0,True,259.0,False,False,259.0,False,False,True
6F237,INDIGO,HYD,MAA,2026-04-19 21:41:41.704,2026-04-20 00:44:41.704,183.0,True,183.0,False,False,183.0,False,False,True
UK146,VISTARA,BOM,MAA,2026-04-19 21:40:41.703,2026-04-20 00:08:41.703,148.0,True,148.0,False,False,148.0,False,False,True
SJ015,SPICEJET,BOM,CCU,2026-04-19 21:40:41.701,2026-04-19 22:52:41.701,72.0,False,72.0,False,False,72.0,False,False,True
AI108,AIR INDIA,BLR,CCU,2026-04-19 21:32:41.702,2026-04-20 00:17:41.702,165.0,True,165.0,False,False,165.0,False,False,True
UK020,VISTARA,MAA,BLR,2026-04-19 21:23:41.701,2026-04-19 22:38:41.701,75.0,False,75.0,False,False,75.0,False,False,True
6F113,INDIGO,BOM,CCU,2026-04-19 21:04:41.702,2026-04-20 01:30:41.702,266.0,True,266.0,False,False,266.0,False,False,True
6F112,INDIGO,HYD,DEL,2026-04-19 21:00:41.702,2026-04-19 23:16:41.702,136.0,False,136.0,False,False,136.0,False,False,True
6F246,INDIGO,HYD,DEL,2026-04-19 21:00:41.702,2026-04-19 23:16:41.702,136.0,False,136.0,False,False,136.0,False,False,True
UK158,VISTARA,BOM,MAA,2026-04-19 20:49:41.703,2026-04-19 21:22:41.703,33.0,False,33.0,False,False,33.0,False,False,True
UK159,VISTARA,CCU,BLR,2026-04-19 20:45:41.703,2026-04-19 23:32:41.703,167.0,False,167.0,False,False,167.0,False,False,True
UK084,VISTARA,MAA,DEL,2026-04-19 20:44:41.702,2026-04-20 00:20:41.702,216.0,True,216.0,False,False,216.0,False,False,True
SJ206,SPICEJET,DEL,CCU,2026-04-19 20:43:41.703,2026-04-20 01:21:41.703,278.0,True,278.0,False,False,278.0,False,False,True
UK044,VISTARA,BLR,BOM,2026-04-19 20:31:41.701,2026-04-19 23:29:41.701,178.0,False,178.0,False,False,178.0,False,False,True
SJ036,SPICEJET,DEL,HYD,2026-04-19 20:24:41.701,2026-04-19 23:54:41.701,210.0,False,210.0,False,False,210.0,False,False,True
6F176,INDIGO,CCU,DEL,2026-04-19 20:23:42.000,2026-04-19 23:23:42.000,180.0,False,180.0,False,False,180.0,False,False,True
6F148,INDIGO,CCU,BOM,2026-04-19 20:23:41.703,2026-04-19 22:30:41.703,127.0,False,127.0,False,False,127.0,False,False,True
6F202,INDIGO,HYD,BLR,2026-04-19 20:18:41.703,2026-04-19 23:48:41.703,210.0,False,210.0,False,False,210.0,False,False,True
6F071,INDIGO,DEL,CCU,2026-04-19 20:18:41.702,2026-04-20 00:31:41.702,253.0,True,253.0,False,False,253.0,False,False,True
AI105,AIR INDIA,CCU,DEL,2026-04-19 20:16:41.702,2026-04-19 22:03:41.702,107.0,False,107.0,False,False,107.0,False,False,True
AI241,AIR INDIA,HYD,BLR,2026-04-19 20:11:41.704,2026-04-19 22:18:41.704,127.0,False,127.0,False,False,127.0,False,False,True
SJ162,SPICEJET,DEL,HYD,2026-04-19 20:11:41.703,2026-04-19 22:30:41.703,139.0,False,139.0,False,False,139.0,False,False,True
6F003,INDIGO,HYD,BOM,2026-04-19 20:06:41.700,2026-04-19 23:13:41.700,187.0,False,187.0,False,False,187.0,False,False,True
6F249,INDIGO,HYD,BOM,2026-04-19 20:06:41.700,2026-04-19 23:13:41.700,187.0,False,187.0,False,False,187.0,False,False,True
AI237,AIR INDIA,BOM,CCU,2026-04-19 19:58:41.704,2026-04-19 23:13:41.704,195.0,False,195.0,False,False,195.0,False,False,True
SJ134,SPICEJET,BOM,CCU,2026-04-19 19:58:41.702,2026-04-20 00:15:41.702,257.0,True,257.0,False,False,257.0,False,False,True
AI071,AIR INDIA,BOM,MAA,2026-04-19 19:55:41.702,2026-04-19 22:58:41.702,183.0,False,183.0,False,False,183.0,False,False,True
6F118,INDIGO,CCU,HYD,2026-04-19 19:52:41.702,2026-04-19 21:01:41.702,69.0,False,69.0,False,False,69.0,False,False,True
6F014,INDIGO,DEL,MAA,2026-04-19 19:42:41.701,2026-04-19 23:15:41.701,213.0,False,213.0,False,False,213.0,False,False,True
6F065,INDIGO,MAA,BLR,2026-04-19 19:40:41.701,2026-04-19 22:23:41.701,163.0,False,163.0,False,False,163.0,False,False,True
6F271,INDIGO,HYD,MAA,2026-04-19 19:33:41.702,2026-04-19 22:52:41.702,199.0,False,199.0,False,False,199.0,False,False,True
SJ070,SPICEJET,MAA,CCU,2026-04-19 18:55:41.701,2026-04-19 20:48:41.701,113.0,False,113.0,False,False,113.0,False,False,True
6F007,INDIGO,HYD,MAA,2026-04-19 18:55:41.701,2026-04-19 19:54:41.701,59.0,False,59.0,False,False,59.0,False,False,True
UK007,VISTARA,DEL,HYD,2026-04-19 18:50:41.701,2026-04-19 21:04:41.701,134.0,False,134.0,False,False,134.0,False,False,True
AI097,AIR INDIA,HYD,MAA,2026-04-19 18:42:41.702,2026-04-19 23:34:41.702,292.0,False,292.0,False,False,292.0,False,False,True
6F256,INDIGO,BOM,CCU,2026-04-19 18:40:41.702,2026-04-19 19:13:41.702,33.0,False,33.0,False,False,33.0,False,False,True
UK047,VISTARA,BLR,HYD,2026-04-19 18:40:41.701,2026-04-19 22:45:41.701,245.0,False,245.0,False,False,245.0,False,False,True
AI024,AIR INDIA,MAA,BOM,2026-04-19 18:38:41.701,2026-04-19 19:45:41.701,67.0,False,67.0,False,False,67.0,False,False,True
UK113,VISTARA,CCU,DEL,2026-04-19 18:34:41.702,2026-04-19 22:58:41.702,264.0,False,264.0,False,False,264.0,False,False,True
SJ163,SPICEJET,DEL,HYD,2026-04-19 18:32:41.703,2026-04-19 23:08:41.703,276.0,False,276.0,False,False,276.0,False,False,True
SJ208,SPICEJET,DEL,HYD,2026-04-19 18:32:41.703,2026-04-19 19:33:41.703,61.0,False,61.0,False,False,61.0,False,False,True
SJ221,SPICEJET,MAA,HYD,2026-04-19 18:31:41.703,2026-04-19 23:17:41.703,286.0,False,286.0,False,False,286.0,False,False,True
SJ084,SPICEJET,HYD,MAA,2026-04-19 18:31:41.702,2026-04-19 19:30:41.702,59.0,False,59.0,False,False,59.0,False,False,True
6F127,INDIGO,HYD,BOM,2026-04-19 18:27:41.702,2026-04-19 22:28:41.702,241.0,False,241.0,False,False,241.0,False,False,True
AI122,AIR INDIA,BOM,CCU,2026-04-19 18:25:41.702,2026-04-19 22:36:41.702,251.0,False,251.0,False,False,251.0,False,False,True
AI139,AIR INDIA,HYD,MAA,2026-04-19 18:23:41.702,2026-04-19 19:24:41.702,61.0,False,61.0,False,False,61.0,False,False,True
UK149,VISTARA,MAA,DEL,2026-04-19 18:22:41.703,2026-04-19 23:08:41.703,286.0,False,286.0,False,False,286.0,False,False,True
AI149,AIR INDIA,BOM,HYD,2026-04-19 18:19:41.703,2026-04-19 21:36:41.703,197.0,False,197.0,False,False,197.0,False,False,True
SJ243,SPICEJET,BLR,DEL,2026-04-19 18:17:41.704,2026-04-19 23:03:41.704,286.0,False,286.0,False,False,286.0,False,False,True
AI053,AIR INDIA,CCU,DEL,2026-04-19 18:04:41.701,2026-04-19 22:19:41.701,255.0,False,255.0,False,False,255.0,False,False,True
UK061,VISTARA,BLR,BOM,2026-04-19 17:58:41.701,2026-04-19 19:48:41.701,110.0,False,110.0,False,False,110.0,False,False,True
SJ004,SPICEJET,MAA,DEL,2026-04-19 17:52:41.701,2026-04-19 21:01:41.701,189.0,False,189.0,False,False,189.0,False,False,True
AI173,AIR INDIA,HYD,DEL,2026-04-19 17:36:41.703,2026-04-19 22:27:41.703,291.0,False,291.0,False,False,291.0,False,False,True
6F085,INDIGO,HYD,MAA,2026-04-19 17:32:41.702,2026-04-19 19:32:42.000,120.0,False,120.0,False,False,120.0,False,False,True
AI252,AIR INDIA,HYD,DEL,2026-04-19 17:30:41.704,2026-04-19 21:54:41.704,264.0,False,264.0,False,False,264.0,False,False,True
SJ109,SPICEJET,BOM,DEL,2026-04-19 17:24:41.702,2026-04-19 20:28:41.702,184.0,False,184.0,False,False,184.0,False,False,True
UK123,VISTARA,BOM,DEL,2026-04-19 17:24:41.702,2026-04-19 20:18:41.702,174.0,False,174.0,False,False,174.0,False,False,True
6F125,INDIGO,BOM,CCU,2026-04-19 17:09:41.702,2026-04-19 21:13:41.702,244.0,False,244.0,False,False,244.0,False,False,True
UK183,VISTARA,BLR,CCU,2026-04-19 17:07:41.703,2026-04-19 18:30:41.703,83.0,False,83.0,False,False,83.0,False,False,True
AI110,AIR INDIA,BOM,CCU,2026-04-19 17:07:41.702,2026-04-19 22:00:41.702,293.0,False,293.0,False,False,293.0,False,False,True
UK105,VISTARA,CCU,HYD,2026-04-19 17:04:41.702,2026-04-19 18:11:41.702,67.0,False,67.0,False,False,67.0,False,False,True
6F128,INDIGO,HYD,DEL,2026-04-19 16:56:41.702,2026-04-19 18:03:41.702,67.0,False,67.0,False,False,67.0,False,False,True
6F224,INDIGO,DEL,MAA,2026-04-19 16:53:41.704,2026-04-19 18:52:41.704,119.0,False,119.0,False,False,119.0,False,False,True
SJ130,SPICEJET,BOM,DEL,2026-04-19 16:53:41.702,2026-04-19 20:53:41.702,240.0,False,240.0,False,False,240.0,False,False,True
AI224,AIR INDIA,DEL,HYD,2026-04-19 16:51:41.703,2026-04-19 21:36:41.703,285.0,False,285.0,False,False,285.0,False,False,True
SJ182,SPICEJET,CCU,BOM,2026-04-19 16:48:41.703,2026-04-19 17:36:41.703,48.0,False,48.0,False,False,48.0,False,False,True
UK164,VISTARA,BOM,HYD,2026-04-19 16:46:41.703,2026-04-19 21:10:41.703,264.0,False,264.0,False,False,264.0,False,False,True
AI161,AIR INDIA,CCU,BOM,2026-04-19 16:40:41.703,2026-04-19 19:40:41.703,180.0,False,180.0,False,False,180.0,False,False,True
6F206,INDIGO,DEL,BOM,2026-04-19 16:39:41.703,2026-04-19 20:59:41.703,260.0,False,260.0,False,False,260.0,False,False,True
SJ204,SPICEJET,CCU,DEL,2026-04-19 16:34:41.703,2026-04-19 18:15:41.703,101.0,False,101.0,False,False,101.0,False,False,True
AI206,AIR INDIA,CCU,MAA,2026-04-19 16:30:41.703,2026-04-19 20:01:41.703,211.0,False,211.0,False,False,211.0,False,False,True
6F140,INDIGO,CCU,HYD,2026-04-19 16:30:41.702,2026-04-19 18:21:41.702,111.0,False,111.0,False,False,111.0,False,False,True
6F253,INDIGO,MAA,BLR,2026-04-19 16:26:41.703,2026-04-19 18:24:41.703,118.0,False,118.0,False,False,118.0,False,False,True
SJ203,SPICEJET,DEL,HYD,2026-04-19 16:22:41.703,2026-04-19 18:27:41.703,125.0,False,125.0,False,False,125.0,False,False,True
SJ161,SPICEJET,MAA,BLR,2026-04-19 16:22:41.703,2026-04-19 17:04:41.703,42.0,False,42.0,False,False,42.0,False,False,True
AI098,AIR INDIA,HYD,MAA,2026-04-19 16:01:41.702,2026-04-19 18:11:41.702,130.0,False,130.0,False,False,130.0,False,False,True
AI168,AIR INDIA,DEL,CCU,2026-04-19 15:50:41.703,2026-04-19 20:20:41.703,270.0,False,270.0,False,False,270.0,False,False,True
UK190,VISTARA,DEL,BLR,2026-04-19 15:49:41.703,2026-04-19 18:53:41.703,184.0,False,184.0,False,False,184.0,False,False,True
AI085,AIR INDIA,DEL,HYD,2026-04-19 15:45:41.702,2026-04-19 20:33:41.702,288.0,False,288.0,False,False,288.0,False,False,True
AI076,AIR INDIA,BLR,BOM,2026-04-19 15:37:41.702,2026-04-19 16:12:41.702,35.0,False,35.0,False,False,35.0,False,False,True
UK130,VISTARA,MAA,BLR,2026-04-19 15:36:41.702,2026-04-19 19:43:41.702,247.0,False,247.0,False,False,247.0,False,False,True
6F038,INDIGO,HYD,MAA,2026-04-19 15:36:41.701,2026-04-19 19:33:41.701,237.0,False,237.0,False,False,237.0,False,False,True
UK110,VISTARA,HYD,DEL,2026-04-19 15:26:41.702,2026-04-19 20:13:41.702,287.0,False,287.0,False,False,287.0,False,False,True
SJ013,SPICEJET,DEL,MAA,2026-04-19 15:25:41.701,2026-04-19 19:54:41.701,269.0,False,269.0,False,False,269.0,False,False,True
AI039,AIR INDIA,MAA,BLR,2026-04-19 15:24:41.701,2026-04-19 18:56:41.701,212.0,False,212.0,False,False,212.0,False,False,True
AI248,AIR INDIA,CCU,DEL,2026-04-19 15:17:41.704,2026-04-19 16:35:41.704,78.0,False,78.0,False,False,78.0,False,False,True
6F199,INDIGO,DEL,MAA,2026-04-19 15:15:41.703,2026-04-19 17:32:41.703,137.0,False,137.0,False,False,137.0,False,False,True
AI225,AIR INDIA,BOM,BLR,2026-04-19 15:05:41.703,2026-04-19 16:01:41.703,56.0,False,56.0,False,False,56.0,False,False,True
SJ028,SPICEJET,CCU,BOM,2026-04-19 15:04:41.701,2026-04-19 19:32:41.701,268.0,False,268.0,False,False,268.0,False,False,True
SJ012,SPICEJET,HYD,BLR,2026-04-19 15:01:41.701,2026-04-19 16:12:41.701,71.0,False,71.0,False,False,71.0,False,False,True
SJ131,SPICEJET,MAA,HYD,2026-04-19 15:00:41.702,2026-04-19 16:07:41.702,67.0,False,67.0,False,False,67.0,False,False,True
AI010,AIR INDIA,BOM,HYD,2026-04-19 15:00:41.701,2026-04-19 19:48:41.701,288.0,False,288.0,False,False,288.0,False,False,True
6F020,INDIGO,BOM,HYD,2026-04-19 14:58:41.701,2026-04-19 16:43:41.701,105.0,False,105.0,False,False,105.0,False,False,True
SJ038,SPICEJET,BLR,DEL,2026-04-19 14:57:41.701,2026-04-19 17:46:41.701,169.0,False,169.0,False,False,169.0,False,False,True
UK204,VISTARA,BLR,DEL,2026-04-19 14:46:41.703,2026-04-19 16:24:41.703,98.0,False,98.0,False,False,98.0,False,False,True
AI036,AIR INDIA,BOM,CCU,2026-04-19 14:45:41.701,2026-04-19 16:16:41.701,91.0,False,91.0,False,False,91.0,False,False,True
AI100,AIR INDIA,CCU,BOM,2026-04-19 14:42:41.702,2026-04-19 18:22:41.702,220.0,False,220.0,False,False,220.0,False,False,True
SJ215,SPICEJET,CCU,DEL,2026-04-19 14:37:41.703,2026-04-19 16:12:41.703,95.0,False,95.0,False,False,95.0,False,False,True
UK155,VISTARA,MAA,HYD,2026-04-19 14:34:41.703,2026-04-19 18:37:41.703,243.0,False,243.0,False,False,243.0,False,False,True
SJ173,SPICEJET,CCU,HYD,2026-04-19 14:27:41.703,2026-04-19 16:09:41.703,102.0,False,102.0,False,False,102.0,False,False,True
UK179,VISTARA,DEL,HYD,2026-04-19 14:25:41.703,2026-04-19 19:15:41.703,290.0,False,290.0,False,False,290.0,False,False,True
UK221,VISTARA,CCU,DEL,2026-04-19 14:18:41.704,2026-04-19 18:44:41.704,266.0,False,266.0,False,False,266.0,False,False,True
UK023,VISTARA,DEL,MAA,2026-04-19 14:15:41.701,2026-04-19 19:03:41.701,288.0,False,288.0,False,False,288.0,False,False,True
SJ107,SPICEJET,BOM,MAA,2026-04-19 14:10:41.702,2026-04-19 18:38:41.702,268.0,False,268.0,False,False,268.0,False,False,True
AI073,AIR INDIA,BOM,BLR,2026-04-19 14:08:41.702,2026-04-19 16:10:41.702,122.0,False,122.0,False,False,122.0,False,False,True
SJ187,SPICEJET,MAA,BLR,2026-04-19 14:07:41.703,2026-04-19 17:30:41.703,203.0,False,203.0,False,False,203.0,False,False,True
UK058,VISTARA,MAA,BOM,2026-04-19 13:46:41.701,2026-04-19 17:04:41.701,198.0,False,198.0,False,False,198.0,False,False,True
SJ063,SPICEJET,MAA,BOM,2026-04-19 13:38:41.701,2026-04-19 15:23:41.701,105.0,False,105.0,False,False,105.0,False,False,True
SJ062,SPICEJET,BLR,HYD,2026-04-19 13:37:41.701,2026-04-19 17:06:41.701,209.0,False,209.0,False,False,209.0,False,False,True
UK048,VISTARA,MAA,DEL,2026-04-19 13:36:41.701,2026-04-19 18:21:41.701,285.0,False,285.0,False,False,285.0,False,False,True
AI181,AIR INDIA,MAA,HYD,2026-04-19 13:29:41.703,2026-04-19 16:55:41.703,206.0,False,206.0,False,False,206.0,False,False,True
AI003,AIR INDIA,BLR,HYD,2026-04-19 13:27:41.701,2026-04-19 16:55:41.701,208.0,False,208.0,False,False,208.0,False,False,True
6F041,INDIGO,MAA,BOM,2026-04-19 13:19:41.701,2026-04-19 16:48:41.701,209.0,False,209.0,False,False,209.0,False,False,True
6F175,INDIGO,MAA,CCU,2026-04-19 13:18:41.703,2026-04-19 15:13:41.703,115.0,False,115.0,False,False,115.0,False,False,True
6F013,INDIGO,BOM,CCU,2026-04-19 13:15:41.701,2026-04-19 18:05:41.701,290.0,False,290.0,False,False,290.0,False,False,True
SJ040,SPICEJET,BOM,CCU,2026-04-19 13:12:41.701,2026-04-19 16:44:41.701,212.0,False,212.0,False,False,212.0,False,False,True
SJ016,SPICEJET,HYD,CCU,2026-04-19 13:01:41.701,2026-04-19 16:26:41.701,205.0,False,205.0,False,False,205.0,False,False,True
6F135,INDIGO,MAA,HYD,2026-04-19 12:59:41.702,2026-04-19 13:45:41.702,46.0,False,46.0,False,False,46.0,False,False,True
6F150,INDIGO,HYD,MAA,2026-04-19 12:55:41.703,2026-04-19 16:53:41.703,238.0,False,238.0,False,False,238.0,False,False,True
AI083,AIR INDIA,DEL,BOM,2026-04-19 12:54:41.702,2026-04-19 13:37:41.702,43.0,False,43.0,False,False,43.0,False,False,True
SJ166,SPICEJET,CCU,HYD,2026-04-19 12:51:41.703,2026-04-19 16:18:41.703,207.0,False,207.0,False,False,207.0,False,False,True
SJ027,SPICEJET,BOM,MAA,2026-04-19 12:50:41.701,2026-04-19 17:13:41.701,263.0,False,263.0,False,False,263.0,False,False,True
6F134,INDIGO,BLR,MAA,2026-04-19 12:47:41.702,2026-04-19 14:06:41.702,79.0,False,79.0,False,False,79.0,False,False,True
UK225,VISTARA,MAA,BLR,2026-04-19 12:46:41.704,2026-04-19 15:02:41.704,136.0,False,136.0,False,False,136.0,False,False,True
SJ175,SPICEJET,MAA,BLR,2026-04-19 12:46:41.703,2026-04-19 16:50:41.703,244.0,False,244.0,False,False,244.0,False,False,True
AI182,AIR INDIA,HYD,DEL,2026-04-19 12:41:41.703,2026-04-19 17:14:41.703,273.0,False,273.0,False,False,273.0,False,False,True
AI190,AIR INDIA,BOM,CCU,2026-04-19 12:38:41.703,2026-04-19 15:56:41.703,198.0,False,198.0,False,False,198.0,False,False,True
AI120,AIR INDIA,MAA,CCU,2026-04-19 12:12:41.702,2026-04-19 14:18:41.702,126.0,False,126.0,False,False,126.0,False,False,True
6F132,INDIGO,MAA,BOM,2026-04-19 12:00:41.702,2026-04-19 13:00:42.000,60.0,False,60.0,False,False,60.0,False,False,True
UK102,VISTARA,HYD,CCU,2026-04-19 11:58:41.702,2026-04-19 14:01:41.702,123.0,False,123.0,False,False,123.0,False,False,True
AI045,AIR INDIA,HYD,MAA,2026-04-19 11:58:41.701,2026-04-19 14:37:41.701,159.0,False,159.0,False,False,159.0,False,False,True
UK136,VISTARA,HYD,CCU,2026-04-19 11:43:41.703,2026-04-19 15:26:41.703,223.0,False,223.0,False,False,223.0,False,False,True
SJ238,SPICEJET,MAA,BLR,2026-04-19 11:41:41.704,2026-04-19 15:39:41.704,238.0,False,238.0,False,False,238.0,False,False,True
AI193,AIR INDIA,MAA,HYD,2026-04-19 11:33:41.703,2026-04-19 16:07:41.703,274.0,False,274.0,False,False,274.0,False,False,True
6F001,INDIGO,HYD,BOM,2026-04-19 11:33:41.700,2026-04-19 13:08:41.700,95.0,False,95.0,False,False,95.0,False,False,True
6F211,INDIGO,MAA,BLR,2026-04-19 11:29:41.703,2026-04-19 16:20:41.703,291.0,False,291.0,False,False,291.0,False,False,True
SJ199,SPICEJET,HYD,BOM,2026-04-19 11:29:41.703,2026-04-19 13:59:41.703,150.0,False,150.0,False,False,150.0,False,False,True
SJ050,SPICEJET,HYD,CCU,2026-04-19 11:24:41.701,2026-04-19 12:03:41.701,39.0,False,39.0,False,False,39.0,False,False,True
UK115,VISTARA,BLR,BOM,2026-04-19 11:20:41.702,2026-04-19 13:20:42.000,120.0,False,120.0,False,False,120.0,False,False,True
AI037,AIR INDIA,BOM,BLR,2026-04-19 11:14:41.701,2026-04-19 15:13:41.701,239.0,False,239.0,False,False,239.0,False,False,True
6F235,INDIGO,HYD,MAA,2026-04-19 11:06:41.704,2026-04-19 13:51:41.704,165.0,False,165.0,False,False,165.0,False,False,True
UK111,VISTARA,MAA,BLR,2026-04-19 11:06:41.702,2026-04-19 12:20:41.702,74.0,False,74.0,False,False,74.0,False,False,True
6F005,INDIGO,BOM,MAA,2026-04-19 11:04:41.701,2026-04-19 15:27:41.701,263.0,False,263.0,False,False,263.0,False,False,True
AI198,AIR INDIA,CCU,MAA,2026-04-19 10:56:41.703,2026-04-19 14:19:41.703,203.0,False,203.0,False,False,203.0,False,False,True
UK184,VISTARA,MAA,HYD,2026-04-19 10:49:41.703,2026-04-19 13:00:41.703,131.0,False,131.0,False,False,131.0,False,False,True
6F219,INDIGO,MAA,DEL,2026-04-19 10:32:41.704,2026-04-19 14:37:41.704,245.0,False,245.0,False,False,245.0,False,False,True
UK066,VISTARA,BOM,CCU,2026-04-19 10:29:41.701,2026-04-19 12:07:41.701,98.0,False,98.0,False,False,98.0,False,False,True
6F220,INDIGO,HYD,BOM,2026-04-19 10:27:41.704,2026-04-19 11:25:41.704,58.0,False,58.0,False,False,58.0,False,False,True
AI180,AIR INDIA,BOM,CCU,2026-04-19 10:19:41.703,2026-04-19 11:00:41.703,41.0,False,41.0,False,False,41.0,False,False,True
6F098,INDIGO,BLR,MAA,2026-04-19 10:18:41.702,2026-04-19 12:49:41.702,151.0,False,151.0,False,False,151.0,False,False,True
AI141,AIR INDIA,BLR,DEL,2026-04-19 10:16:41.702,2026-04-19 14:53:41.702,277.0,False,277.0,False,False,277.0,False,False,True
SJ170,SPICEJET,BLR,BOM,2026-04-19 10:11:41.703,2026-04-19 11:56:41.703,105.0,False,105.0,False,False,105.0,False,False,True
SJ178,SPICEJET,BOM,HYD,2026-04-19 09:58:41.703,2026-04-19 12:27:41.703,149.0,False,149.0,False,False,149.0,False,False,True
6F172,INDIGO,BOM,BLR,2026-04-19 09:53:41.703,2026-04-19 14:46:41.703,293.0,False,293.0,False,False,293.0,False,False,True
UK220,VISTARA,BLR,BOM,2026-04-19 09:51:41.704,2026-04-19 13:25:41.704,214.0,False,214.0,False,False,214.0,False,False,True
SJ148,SPICEJET,DEL,BLR,2026-04-19 09:51:41.702,2026-04-19 13:41:41.702,230.0,False,230.0,False,False,230.0,False,False,True
UK065,VISTARA,BOM,CCU,2026-04-19 09:38:41.701,2026-04-19 13:46:41.701,248.0,False,248.0,False,False,248.0,False,False,True
6F243,INDIGO,BOM,HYD,2026-04-19 09:37:41.704,2026-04-19 10:33:41.704,56.0,False,56.0,False,False,56.0,False,False,True
SJ193,SPICEJET,CCU,DEL,2026-04-19 09:37:41.703,2026-04-19 12:16:41.703,159.0,False,159.0,False,False,159.0,False,False,True
UK056,VISTARA,HYD,MAA,2026-04-19 09:29:41.701,2026-04-19 10:15:41.701,46.0,False,46.0,False,False,46.0,False,False,True
AI219,AIR INDIA,BLR,DEL,2026-04-19 09:28:41.703,2026-04-19 11:27:41.703,119.0,False,119.0,False,False,119.0,False,False,True
SJ073,SPICEJET,CCU,BLR,2026-04-19 09:26:41.701,2026-04-19 11:14:41.701,108.0,False,108.0,False,False,108.0,False,False,True
6F052,INDIGO,BOM,CCU,2026-04-19 09:13:41.701,2026-04-19 12:02:41.701,169.0,False,169.0,False,False,169.0,False,False,True
SJ201,SPICEJET,BLR,DEL,2026-04-19 09:10:41.703,2026-04-19 11:12:41.703,122.0,False,122.0,False,False,122.0,False,False,True
UK028,VISTARA,HYD,MAA,2026-04-19 09:02:41.701,2026-04-19 10:37:41.701,95.0,False,95.0,False,False,95.0,False,False,True
SJ119,SPICEJET,BOM,CCU,2026-04-19 08:53:41.702,2026-04-19 11:29:41.702,156.0,False,156.0,False,False,156.0,False,False,True
AI165,AIR INDIA,DEL,CCU,2026-04-19 08:51:41.703,2026-04-19 10:31:41.703,100.0,False,100.0,False,False,100.0,False,False,True
AI255,AIR INDIA,MAA,CCU,2026-04-19 08:45:41.704,2026-04-19 13:12:41.704,267.0,False,267.0,False,False,267.0,False,False,True
AI202,AIR INDIA,HYD,BLR,2026-04-19 08:44:41.703,2026-04-19 10:53:41.703,129.0,False,129.0,False,False,129.0,False,False,True
SJ039,SPICEJET,MAA,BOM,2026-04-19 08:41:41.701,2026-04-19 12:08:41.701,207.0,False,207.0,False,False,207.0,False,False,True
SJ051,SPICEJET,BOM,BLR,2026-04-19 08:40:41.701,2026-04-19 12:18:41.701,218.0,False,218.0,False,False,218.0,False,False,True
UK024,VISTARA,MAA,BLR,2026-04-19 08:29:41.701,2026-04-19 13:29:41.701,300.0,False,300.0,False,False,300.0,False,False,True
SJ006,SPICEJET,HYD,BLR,2026-04-19 08:25:41.701,2026-04-19 08:57:41.701,32.0,False,32.0,False,False,32.0,False,False,True
AI207,AIR INDIA,BOM,MAA,2026-04-19 08:24:41.703,2026-04-19 11:23:41.703,179.0,False,179.0,False,False,179.0,False,False,True
SJ168,SPICEJET,CCU,BOM,2026-04-19 08:17:41.703,2026-04-19 12:29:41.703,252.0,False,252.0,False,False,252.0,False,False,True
AI028,AIR INDIA,HYD,BOM,2026-04-19 07:53:41.701,2026-04-19 08:35:41.701,42.0,False,42.0,False,False,42.0,False,False,True
6F094,INDIGO,BLR,BOM,2026-04-19 07:37:41.702,2026-04-19 09:06:41.702,89.0,False,89.0,False,False,89.0,False,False,True
6F024,INDIGO,BOM,DEL,2026-04-19 07:31:41.701,2026-04-19 11:17:41.701,226.0,False,226.0,False,False,226.0,False,False,True
6F061,INDIGO,MAA,BOM,2026-04-19 07:28:41.701,2026-04-19 08:09:41.701,41.0,False,41.0,False,False,41.0,False,False,True
AI032,AIR INDIA,MAA,BLR,2026-04-19 07:26:41.701,2026-04-19 09:26:42.000,120.0,False,120.0,False,False,120.0,False,False,True
UK163,VISTARA,DEL,HYD,2026-04-19 07:22:41.703,2026-04-19 09:04:41.703,102.0,False,102.0,False,False,102.0,False,False,True
SJ067,SPICEJET,MAA,BLR,2026-04-19 07:17:41.701,2026-04-19 08:16:41.701,59.0,False,59.0,False,False,59.0,False,False,True
SJ106,SPICEJET,CCU,DEL,2026-04-19 07:16:41.702,2026-04-19 09:40:41.702,144.0,False,144.0,False,False,144.0,False,False,True
AI086,AIR INDIA,CCU,HYD,2026-04-19 07:13:41.702,2026-04-19 10:09:41.702,176.0,False,176.0,False,False,176.0,False,False,True
6F263,INDIGO,DEL,HYD,2026-04-19 07:07:41.703,2026-04-19 08:30:41.703,83.0,False,83.0,False,False,83.0,False,False,True
6F163,INDIGO,MAA,BOM,2026-04-19 06:49:41.703,2026-04-19 10:46:41.703,237.0,False,237.0,False,False,237.0,False,False,True
SJ064,SPICEJET,CCU,DEL,2026-04-19 06:29:41.701,2026-04-19 08:43:41.701,134.0,False,134.0,False,False,134.0,False,False,True
UK118,VISTARA,HYD,BLR,2026-04-19 06:22:41.702,2026-04-19 07:22:42.000,60.0,False,60.0,False,False,60.0,False,False,True
UK022,VISTARA,DEL,HYD,2026-04-19 06:22:41.701,2026-04-19 10:59:41.701,277.0,False,277.0,False,False,277.0,False,False,True
UK099,VISTARA,BOM,MAA,2026-04-19 06:16:41.702,2026-04-19 10:24:41.702,248.0,False,248.0,False,False,248.0,False,False,True
6F212,INDIGO,BLR,CCU,2026-04-19 06:10:41.703,2026-04-19 10:52:41.703,282.0,False,282.0,False,False,282.0,False,False,True
AI023,AIR INDIA,HYD,BLR,2026-04-19 06:10:41.701,2026-04-19 09:35:41.701,205.0,False,205.0,False,False,205.0,False,False,True
SJ245,SPICEJET,BOM,DEL,2026-04-19 06:07:41.704,2026-04-19 09:39:41.704,212.0,False,212.0,False,False,212.0,False,False,True
6F066,INDIGO,BLR,HYD,2026-04-19 06:07:41.701,2026-04-19 07:43:41.701,96.0,False,96.0,False,False,96.0,False,False,True
AI138,AIR INDIA,DEL,CCU,2026-04-19 05:50:41.702,2026-04-19 06:40:41.702,50.0,False,50.0,False,False,50.0,False,False,True
SJ021,SPICEJET,HYD,BLR,2026-04-19 05:48:41.701,2026-04-19 09:46:41.701,238.0,False,238.0,False,False,238.0,False,False,True
SJ136,SPICEJET,HYD,BLR,2026-04-19 05:45:41.702,2026-04-19 08:04:41.702,139.0,False,139.0,False,False,139.0,False,False,True
AI148,AIR INDIA,HYD,MAA,2026-04-19 05:41:41.703,2026-04-19 08:32:41.703,171.0,False,171.0,False,False,171.0,False,False,True
SJ014,SPICEJET,BOM,HYD,2026-04-19 05:40:41.701,2026-04-19 06:39:41.701,59.0,False,59.0,False,False,59.0,False,False,True
6F104,INDIGO,CCU,BOM,2026-04-19 05:39:41.702,2026-04-19 06:14:41.702,35.0,False,35.0,False,False,35.0,False,False,True
SJ121,SPICEJET,CCU,DEL,2026-04-19 05:32:41.702,2026-04-19 06:47:41.702,75.0,False,75.0,False,False,75.0,False,False,True
UK174,VISTARA,CCU,DEL,2026-04-19 05:27:41.703,2026-04-19 07:47:41.703,140.0,False,140.0,False,False,140.0,False,False,True
AI033,AIR INDIA,MAA,CCU,2026-04-19 05:25:41.701,2026-04-19 10:21:41.701,296.0,False,296.0,False,False,296.0,False,False,True
SJ122,SPICEJET,CCU,BOM,2026-04-19 05:22:41.702,2026-04-19 10:09:41.702,287.0,False,287.0,False,False,287.0,False,False,True
UK095,VISTARA,BOM,MAA,2026-04-19 05:22:41.702,2026-04-19 07:36:41.702,134.0,False,134.0,False,False,134.0,False,False,True
SJ026,SPICEJET,CCU,MAA,2026-04-19 05:22:41.701,2026-04-19 09:40:41.701,258.0,False,258.0,False,False,258.0,False,False,True
6F221,INDIGO,MAA,DEL,2026-04-19 05:20:41.704,2026-04-19 08:52:41.704,212.0,False,212.0,False,False,212.0,False,False,True
SJ103,SPICEJET,MAA,BLR,2026-04-19 05:16:41.702,2026-04-19 08:56:41.702,220.0,False,220.0,False,False,220.0,False,False,True
SJ011,SPICEJET,BOM,MAA,2026-04-19 05:14:41.701,2026-04-19 09:59:41.701,285.0,False,285.0,False,False,285.0,False,False,True
AI002,AIR INDIA,HYD,BLR,2026-04-19 05:12:41.700,2026-04-19 07:12:41.700,120.0,False,120.0,False,False,120.0,False,False,True
AI046,AIR INDIA,DEL,BOM,2026-04-19 05:09:41.701,2026-04-19 08:00:41.701,171.0,False,171.0,False,False,171.0,False,False,True
SJ053,SPICEJET,CCU,DEL,2026-04-19 05:00:41.701,2026-04-19 06:38:41.701,98.0,False,98.0,False,False,98.0,False,False,True
AI236,AIR INDIA,DEL,BOM,2026-04-19 04:52:41.704,2026-04-19 09:11:41.704,259.0,False,259.0,False,False,259.0,False,False,True
AI254,AIR INDIA,CCU,HYD,2026-04-19 04:46:41.704,2026-04-19 08:06:41.704,200.0,False,200.0,False,False,200.0,False,False,True
6F063,INDIGO,DEL,HYD,2026-04-19 04:42:41.701,2026-04-19 07:31:41.701,169.0,False,169.0,False,False,169.0,False,False,True
6F115,INDIGO,MAA,BLR,2026-04-19 04:41:41.702,2026-04-19 06:23:41.702,102.0,False,102.0,False,False,102.0,False,False,True
UK070,VISTARA,BOM,DEL,2026-04-19 04:36:41.701,2026-04-19 06:49:41.701,133.0,False,133.0,False,False,133.0,False,False,True
SJ147,SPICEJET,BLR,CCU,2026-04-19 04:30:41.702,2026-04-19 08:52:41.702,262.0,False,262.0,False,False,262.0,False,False,True
UK201,VISTARA,HYD,BOM,2026-04-19 04:29:41.703,2026-04-19 06:42:41.703,133.0,False,133.0,False,False,133.0,False,False,True
SJ234,SPICEJET,BLR,CCU,2026-04-19 04:20:41.704,2026-04-19 06:23:41.704,123.0,False,123.0,False,False,123.0,False,False,True
AI176,AIR INDIA,BLR,DEL,2026-04-19 04:20:41.703,2026-04-19 06:25:41.703,125.0,False,125.0,False,False,125.0,False,False,True
SJ045,SPICEJET,DEL,MAA,2026-04-19 04:16:41.701,2026-04-19 09:03:41.701,287.0,False,287.0,False,False,287.0,False,False,True
SJ174,SPICEJET,CCU,DEL,2026-04-19 04:09:41.703,2026-04-19 05:04:41.703,55.0,False,55.0,False,False,55.0,False,False,True
AI007,AIR INDIA,MAA,DEL,2026-04-19 04:01:41.701,2026-04-19 06:01:42.000,120.0,False,120.0,False,False,120.0,False,False,True
AI143,AIR INDIA,CCU,DEL,2026-04-19 03:58:41.702,2026-04-19 04:36:41.702,38.0,False,38.0,False,False,38.0,False,False,True
SJ241,SPICEJET,DEL,HYD,2026-04-19 03:57:41.704,2026-04-19 06:36:41.704,159.0,False,159.0,False,False,159.0,False,False,True
AI020,AIR INDIA,BOM,BLR,2026-04-19 03:53:41.701,2026-04-19 06:21:41.701,148.0,False,148.0,False,False,148.0,False,False,True
UK031,VISTARA,CCU,DEL,2026-04-19 03:45:41.701,2026-04-19 07:20:41.701,215.0,False,215.0,False,False,215.0,False,False,True
AI013,AIR INDIA,HYD,BLR,2026-04-19 03:41:41.701,2026-04-19 04:58:41.701,77.0,False,77.0,False,False,77.0,False,False,True
AI249,AIR INDIA,BLR,HYD,2026-04-19 03:38:41.704,2026-04-19 06:27:41.704,169.0,False,169.0,False,False,169.0,False,False,True
UK046,VISTARA,CCU,DEL,2026-04-19 03:37:41.701,2026-04-19 06:05:41.701,148.0,False,148.0,False,False,148.0,False,False,True
UK168,VISTARA,BLR,CCU,2026-04-19 03:20:41.703,2026-04-19 04:09:41.703,49.0,False,49.0,False,False,49.0,False,False,True
AI022,AIR INDIA,BOM,MAA,2026-04-19 03:15:41.701,2026-04-19 05:10:41.701,115.0,False,115.0,False,False,115.0,False,False,True
UK218,VISTARA,MAA,BLR,2026-04-19 03:12:41.704,2026-04-19 07:22:41.704,250.0,False,250.0,False,False,250.0,False,False,True
UK142,VISTARA,BLR,DEL,2026-04-19 03:03:41.703,2026-04-19 07:13:41.703,250.0,False,250.0,False,False,250.0,False,False,True
6F067,INDIGO,MAA,BLR,2026-04-19 02:59:41.701,2026-04-19 06:02:41.701,183.0,False,183.0,False,False,183.0,False,False,True
SJ217,SPICEJET,BOM,CCU,2026-04-19 02:57:41.703,2026-04-19 06:04:41.703,187.0,False,187.0,False,False,187.0,False,False,True
SJ143,SPICEJET,DEL,BOM,2026-04-19 02:55:41.702,2026-04-19 03:52:41.702,57.0,False,57.0,False,False,57.0,False,False,True
AI243,AIR INDIA,BLR,BOM,2026-04-19 02:50:41.704,2026-04-19 05:09:41.704,139.0,False,139.0,False,False,139.0,False,False,True
SJ246,SPICEJET,BOM,DEL,2026-04-19 02:47:41.704,2026-04-19 03:47:42.000,60.0,False,60.0,False,False,60.0,False,False,True
6F170,INDIGO,HYD,DEL,2026-04-19 02:44:41.703,2026-04-19 04:14:41.703,90.0,False,90.0,False,False,90.0,False,False,True
UK157,VISTARA,CCU,BOM,2026-04-19 02:41:41.703,2026-04-19 03:41:42.000,60.0,False,60.0,False,False,60.0,False,False,True
UK172,VISTARA,DEL,BOM,2026-04-19 02:20:41.703,2026-04-19 05:21:41.703,181.0,False,181.0,False,False,181.0,False,False,True
SJ139,SPICEJET,DEL,BLR,2026-04-19 02:20:41.702,2026-04-19 06:02:41.702,222.0,False,222.0,False,False,222.0,False,False,True
UK085,VISTARA,MAA,DEL,2026-04-19 02:15:41.702,2026-04-19 03:17:41.702,62.0,False,62.0,False,False,62.0,False,False,True
6F079,INDIGO,MAA,HYD,2026-04-19 02:14:41.702,2026-04-19 06:18:41.702,244.0,False,244.0,False,False,244.0,False,False,True
SJ032,SPICEJET,MAA,BOM,2026-04-19 02:11:41.701,2026-04-19 04:33:41.701,142.0,False,142.0,False,False,142.0,False,False,True
6F182,INDIGO,BOM,CCU,2026-04-19 02:10:41.703,2026-04-19 04:18:41.703,128.0,False,128.0,False,False,128.0,False,False,True
AI106,AIR INDIA,HYD,BLR,2026-04-19 02:07:41.702,2026-04-19 03:20:41.702,73.0,False,73.0,False,False,73.0,False,False,True
AI200,AIR INDIA,HYD,MAA,2026-04-19 02:05:41.703,2026-04-19 05:29:41.703,204.0,False,204.0,False,False,204.0,False,False,True
6F142,INDIGO,CCU,MAA,2026-04-19 02:05:41.702,2026-04-19 06:04:41.702,239.0,False,239.0,False,False,239.0,False,False,True
SJ079,SPICEJET,HYD,DEL,2026-04-19 01:58:41.702,2026-04-19 05:02:41.702,184.0,False,184.0,False,False,184.0,False,False,True
SJ082,SPICEJET,BOM,DEL,2026-04-19 01:54:41.702,2026-04-19 02:33:41.702,39.0,False,39.0,False,False,39.0,False,False,True
SJ110,SPICEJET,CCU,DEL,2026-04-19 01:47:41.702,2026-04-19 02:20:41.702,33.0,False,33.0,False,False,33.0,False,False,True
6F262,INDIGO,MAA,DEL,2026-04-19 01:44:41.702,2026-04-19 02:47:41.702,63.0,False,63.0,False,False,63.0,False,False,True
UK143,VISTARA,BLR,BOM,2026-04-19 01:34:41.703,2026-04-19 02:48:41.703,74.0,False,74.0,False,False,74.0,False,False,True
6F269,INDIGO,HYD,MAA,2026-04-19 01:30:41.702,2026-04-19 02:52:41.702,82.0,False,82.0,False,False,82.0,False,False,True
6F214,INDIGO,BOM,CCU,2026-04-19 01:21:41.703,2026-04-19 05:20:41.703,239.0,False,239.0,False,False,239.0,False,False,True
SJ213,SPICEJET,BOM,CCU,2026-04-19 01:19:41.703,2026-04-19 04:48:41.703,209.0,False,209.0,False,False,209.0,False,False,True
SJ072,SPICEJET,DEL,HYD,2026-04-19 01:18:41.701,2026-04-19 04:08:41.701,170.0,False,170.0,False,False,170.0,False,False,True
6F059,INDIGO,BOM,DEL,2026-04-19 01:12:41.701,2026-04-19 06:02:41.701,290.0,False,290.0,False,False,290.0,False,False,True
UK202,VISTARA,DEL,HYD,2026-04-19 01:11:41.703,2026-04-19 05:37:41.703,266.0,False,266.0,False,False,266.0,False,False,True
UK037,VISTARA,BLR,BOM,2026-04-19 01:10:41.701,2026-04-19 05:12:41.701,242.0,False,242.0,False,False,242.0,False,False,True
UK069,VISTARA,CCU,DEL,2026-04-19 01:10:41.701,2026-04-19 03:23:41.701,133.0,False,133.0,False,False,133.0,False,False,True
SJ118,SPICEJET,DEL,BOM,2026-04-19 01:08:41.702,2026-04-19 02:33:41.702,85.0,False,85.0,False,False,85.0,False,False,True
6F145,INDIGO,CCU,DEL,2026-04-19 01:02:41.703,2026-04-19 02:18:41.703,76.0,False,76.0,False,False,76.0,False,False,True
UK097,VISTARA,HYD,BOM,2026-04-19 00:49:41.702,2026-04-19 05:00:41.702,251.0,False,251.0,False,False,251.0,False,False,True
6F117,INDIGO,CCU,DEL,2026-04-19 00:46:41.702,2026-04-19 01:51:41.702,65.0,False,65.0,False,False,65.0,False,False,True
6F226,INDIGO,DEL,BOM,2026-04-19 00:38:41.704,2026-04-19 02:55:41.704,137.0,False,137.0,False,False,137.0,False,False,True
6F050,INDIGO,DEL,BOM,2026-04-19 00:35:41.701,2026-04-19 04:32:41.701,237.0,False,237.0,False,False,237.0,False,False,True
UK196,VISTARA,BOM,HYD,2026-04-19 00:32:41.703,2026-04-19 04:49:41.703,257.0,False,257.0,False,False,257.0,False,False,True
SJ086,SPICEJET,CCU,DEL,2026-04-19 00:32:41.702,2026-04-19 04:17:41.702,225.0,False,225.0,False,False,225.0,False,False,True
AI134,AIR INDIA,HYD,BOM,2026-04-19 00:28:41.702,2026-04-19 04:23:41.702,235.0,False,235.0,False,False,235.0,False,False,True
AI043,AIR INDIA,CCU,DEL,2026-04-19 00:28:41.701,2026-04-19 04:37:41.701,249.0,False,249.0,False,False,249.0,False,False,True
UK119,VISTARA,BOM,CCU,2026-04-19 00:21:41.702,2026-04-19 04:38:41.702,257.0,False,257.0,False,False,257.0,False,False,True
SJ181,SPICEJET,BOM,BLR,2026-04-19 00:20:41.703,2026-04-19 01:49:41.703,89.0,False,89.0,False,False,89.0,False,False,True
AI070,AIR INDIA,CCU,DEL,2026-04-19 00:05:41.702,2026-04-19 01:44:41.702,99.0,False,99.0,False,False,99.0,False,False,True
6F233,INDIGO,BLR,BOM,2026-04-18 23:56:41.704,2026-04-19 03:53:41.704,237.0,True,237.0,False,False,237.0,False,False,True
UK013,VISTARA,BOM,MAA,2026-04-18 23:52:41.701,2026-04-19 02:52:41.701,180.0,True,180.0,False,False,180.0,False,False,True
6F015,INDIGO,BOM,CCU,2026-04-18 23:39:41.701,2026-04-19 02:27:41.701,168.0,True,168.0,False,False,168.0,False,False,True
SJ247,SPICEJET,DEL,BOM,2026-04-18 23:38:41.704,2026-04-19 03:43:41.704,245.0,True,245.0,False,False,245.0,False,False,True
AI067,AIR INDIA,HYD,DEL,2026-04-18 23:36:41.701,2026-04-19 03:09:41.701,213.0,True,213.0,False,False,213.0,False,False,True
AI211,AIR INDIA,DEL,CCU,2026-04-18 23:34:41.703,2026-04-19 01:21:41.703,107.0,True,107.0,False,False,107.0,False,False,True
UK029,VISTARA,DEL,BOM,2026-04-18 23:26:41.701,2026-04-19 02:15:41.701,169.0,True,169.0,False,False,169.0,False,False,True
SJ200,SPICEJET,BOM,DEL,2026-04-18 23:24:41.703,2026-04-19 02:11:41.703,167.0,True,167.0,False,False,167.0,False,False,True
6F087,INDIGO,DEL,HYD,2026-04-18 23:24:41.702,2026-04-19 03:10:41.702,226.0,True,226.0,False,False,226.0,False,False,True
SJ210,SPICEJET,HYD,CCU,2026-04-18 23:21:41.703,2026-04-19 02:54:41.703,213.0,True,213.0,False,False,213.0,False,False,True
AI101,AIR INDIA,DEL,BLR,2026-04-18 23:20:41.702,2026-04-19 02:23:41.702,183.0,True,183.0,False,False,183.0,False,False,True
UK075,VISTARA,MAA,CCU,2026-04-18 23:15:41.702,2026-04-19 03:54:41.702,279.0,True,279.0,False,False,279.0,False,False,True
SJ091,SPICEJET,BLR,CCU,2026-04-18 23:10:41.702,2026-04-19 00:47:41.702,97.0,True,97.0,False,False,97.0,False,False,True
AI251,AIR INDIA,MAA,DEL,2026-04-18 22:40:41.704,2026-04-18 23:24:41.704,44.0,False,44.0,False,False,44.0,False,False,True
SJ042,SPICEJET,HYD,CCU,2026-04-18 22:38:41.701,2026-04-19 02:20:41.701,222.0,True,222.0,False,False,222.0,False,False,True
UK126,VISTARA,CCU,DEL,2026-04-18 22:37:41.702,2026-04-19 00:03:41.702,86.0,True,86.0,False,False,86.0,False,False,True
6F042,INDIGO,HYD,DEL,2026-04-18 22:35:41.701,2026-04-19 02:41:41.701,246.0,True,246.0,False,False,246.0,False,False,True
AI116,AIR INDIA,CCU,BOM,2026-04-18 22:30:41.702,2026-04-19 01:57:41.702,207.0,True,207.0,False,False,207.0,False,False,True
SJ209,SPICEJET,BLR,BOM,2026-04-18 22:22:41.703,2026-04-19 02:03:41.703,221.0,True,221.0,False,False,221.0,False,False,True
AI123,AIR INDIA,MAA,BOM,2026-04-18 22:19:41.702,2026-04-19 00:45:41.702,146.0,True,146.0,False,False,146.0,False,False,True
6F016,INDIGO,HYD,BOM,2026-04-18 22:18:41.701,2026-04-18 22:54:41.701,36.0,False,36.0,False,False,36.0,False,False,True
UK012,VISTARA,MAA,BOM,2026-04-18 22:16:41.701,2026-04-19 00:25:41.701,129.0,True,129.0,False,False,129.0,False,False,True
SJ188,SPICEJET,BLR,BOM,2026-04-18 22:15:41.703,2026-04-18 22:55:41.703,40.0,False,40.0,False,False,40.0,False,False,True
UK096,VISTARA,BLR,HYD,2026-04-18 22:11:41.702,2026-04-19 00:06:41.702,115.0,True,115.0,False,False,115.0,False,False,True
SJ046,SPICEJET,BOM,MAA,2026-04-18 22:01:41.701,2026-04-19 01:25:41.701,204.0,True,204.0,False,False,204.0,False,False,True
UK081,VISTARA,BLR,DEL,2026-04-18 22:00:41.702,2026-04-18 23:00:41.702,60.0,False,60.0,False,False,60.0,False,False,True
UK191,VISTARA,MAA,BLR,2026-04-18 21:51:41.703,2026-04-18 22:57:41.703,66.0,False,66.0,False,False,66.0,False,False,True
6F064,INDIGO,CCU,DEL,2026-04-18 21:45:41.701,2026-04-18 22:50:41.701,65.0,False,65.0,False,False,65.0,False,False,True
AI005,AIR INDIA,DEL,CCU,2026-04-18 21:24:41.701,2026-04-18 22:11:41.701,47.0,False,47.0,False,False,47.0,False,False,True
6F021,INDIGO,BLR,MAA,2026-04-18 21:23:41.701,2026-04-19 01:25:41.701,242.0,True,242.0,False,False,242.0,False,False,True
AI169,AIR INDIA,CCU,DEL,2026-04-18 21:21:41.703,2026-04-19 01:34:41.703,253.0,True,253.0,False,False,253.0,False,False,True
UK035,VISTARA,HYD,BOM,2026-04-18 21:08:41.701,2026-04-18 22:24:41.701,76.0,False,76.0,False,False,76.0,False,False,True
AI040,AIR INDIA,HYD,BLR,2026-04-18 21:01:41.701,2026-04-18 22:42:41.701,101.0,False,101.0,False,False,101.0,False,False,True
UK042,VISTARA,MAA,BOM,2026-04-18 20:59:41.701,2026-04-19 01:38:41.701,279.0,True,279.0,False,False,279.0,False,False,True
SJ171,SPICEJET,DEL,HYD,2026-04-18 20:52:41.703,2026-04-18 23:52:41.703,180.0,False,180.0,False,False,180.0,False,False,True
AI250,AIR INDIA,BOM,CCU,2026-04-18 20:48:41.704,2026-04-19 00:12:41.704,204.0,True,204.0,False,False,204.0,False,False,True
SJ195,SPICEJET,BOM,CCU,2026-04-18 20:41:41.703,2026-04-18 23:54:41.703,193.0,False,193.0,False,False,193.0,False,False,True
UK211,VISTARA,MAA,CCU,2026-04-18 20:39:41.704,2026-04-18 22:02:41.704,83.0,False,83.0,False,False,83.0,False,False,True
UK122,VISTARA,HYD,CCU,2026-04-18 20:29:42.000,2026-04-18 23:29:42.000,180.0,False,180.0,False,False,180.0,False,False,True
AI136,AIR INDIA,BLR,DEL,2026-04-18 20:29:41.702,2026-04-18 23:48:41.702,199.0,False,199.0,False,False,199.0,False,False,True
6F141,INDIGO,BOM,CCU,2026-04-18 20:26:41.702,2026-04-18 22:28:41.702,122.0,False,122.0,False,False,122.0,False,False,True
6F053,INDIGO,DEL,HYD,2026-04-18 20:26:41.701,2026-04-19 00:39:41.701,253.0,True,253.0,False,False,253.0,False,False,True
6F136,INDIGO,CCU,DEL,2026-04-18 20:24:41.702,2026-04-18 21:01:41.702,37.0,False,37.0,False,False,37.0,False,False,True
6F009,INDIGO,BLR,CCU,2026-04-18 20:21:41.701,2026-04-18 23:36:41.701,195.0,False,195.0,False,False,195.0,False,False,True
6F023,INDIGO,MAA,BLR,2026-04-18 20:18:41.701,2026-04-19 00:14:41.701,236.0,True,236.0,False,False,236.0,False,False,True
UK006,VISTARA,MAA,CCU,2026-04-18 20:16:41.701,2026-04-18 21:55:41.701,99.0,False,99.0,False,False,99.0,False,False,True
SJ165,SPICEJET,CCU,BOM,2026-04-18 20:08:41.703,2026-04-18 23:18:41.703,190.0,False,190.0,False,False,190.0,False,False,True
6F189,INDIGO,MAA,BLR,2026-04-18 20:08:41.703,2026-04-18 21:51:41.703,103.0,False,103.0,False,False,103.0,False,False,True
AI131,AIR INDIA,MAA,BOM,2026-04-18 19:55:41.702,2026-04-18 22:35:41.702,160.0,False,160.0,False,False,160.0,False,False,True
6F004,INDIGO,BOM,CCU,2026-04-18 19:53:41.701,2026-04-18 23:33:41.701,220.0,False,220.0,False,False,220.0,False,False,True
AI027,AIR INDIA,BOM,MAA,2026-04-18 19:41:41.701,2026-04-18 23:23:41.701,222.0,False,222.0,False,False,222.0,False,False,True
AI238,AIR INDIA,CCU,MAA,2026-04-18 19:25:41.704,2026-04-19 00:07:41.704,282.0,True,282.0,False,False,282.0,False,False,True
SJ105,SPICEJET,BOM,HYD,2026-04-18 19:22:41.702,2026-04-18 22:48:41.702,206.0,False,206.0,False,False,206.0,False,False,True
UK088,VISTARA,MAA,BLR,2026-04-18 19:16:41.702,2026-04-18 23:36:41.702,260.0,False,260.0,False,False,260.0,False,False,True
6F035,INDIGO,CCU,HYD,2026-04-18 19:16:41.701,2026-04-18 23:40:41.701,264.0,False,264.0,False,False,264.0,False,False,True
AI133,AIR INDIA,DEL,CCU,2026-04-18 19:12:41.702,2026-04-18 21:32:41.702,140.0,False,140.0,False,False,140.0,False,False,True
AI001,AIR INDIA,DEL,HYD,2026-04-18 19:00:41.700,2026-04-18 22:03:41.700,183.0,False,183.0,False,False,183.0,False,False,True
SJ133,SPICEJET,BOM,CCU,2026-04-18 18:50:41.702,2026-04-18 21:29:41.702,159.0,False,159.0,False,False,159.0,False,False,True
SJ216,SPICEJET,BOM,CCU,2026-04-18 18:35:41.703,2026-04-18 21:31:41.703,176.0,False,176.0,False,False,176.0,False,False,True
SJ225,SPICEJET,DEL,HYD,2026-04-18 18:16:41.704,2026-04-18 20:53:41.704,157.0,False,157.0,False,False,157.0,False,False,True
AI147,AIR INDIA,HYD,CCU,2026-04-18 18:14:41.703,2026-04-18 20:10:41.703,116.0,False,116.0,False,False,116.0,False,False,True
SJ054,SPICEJET,MAA,BLR,2026-04-18 18:13:41.701,2026-04-18 22:46:41.701,273.0,False,273.0,False,False,273.0,False,False,True
6F197,INDIGO,BOM,BLR,2026-04-18 17:59:41.703,2026-04-18 22:44:41.703,285.0,False,285.0,False,False,285.0,False,False,True
SJ066,SPICEJET,HYD,CCU,2026-04-18 17:47:41.701,2026-04-18 19:03:41.701,76.0,False,76.0,False,False,76.0,False,False,True
SJ183,SPICEJET,CCU,DEL,2026-04-18 17:44:41.703,2026-04-18 19:40:41.703,116.0,False,116.0,False,False,116.0,False,False,True
SJ151,SPICEJET,BOM,CCU,2026-04-18 17:44:41.702,2026-04-18 19:16:41.702,92.0,False,92.0,False,False,92.0,False,False,True
SJ071,SPICEJET,CCU,MAA,2026-04-18 17:43:41.701,2026-04-18 19:32:41.701,109.0,False,109.0,False,False,109.0,False,False,True
SJ102,SPICEJET,MAA,CCU,2026-04-18 17:26:41.702,2026-04-18 18:58:41.702,92.0,False,92.0,False,False,92.0,False,False,True
AI209,AIR INDIA,BLR,CCU,2026-04-18 17:25:41.703,2026-04-18 18:37:41.703,72.0,False,72.0,False,False,72.0,False,False,True
6F111,INDIGO,HYD,DEL,2026-04-18 17:09:41.702,2026-04-18 20:02:41.702,173.0,False,173.0,False,False,173.0,False,False,True
AI050,AIR INDIA,BLR,BOM,2026-04-18 17:07:41.701,2026-04-18 19:42:41.701,155.0,False,155.0,False,False,155.0,False,False,True
SJ189,SPICEJET,HYD,BLR,2026-04-18 17:05:41.703,2026-04-18 22:01:41.703,296.0,False,296.0,False,False,296.0,False,False,True
UK112,VISTARA,CCU,DEL,2026-04-18 17:05:41.702,2026-04-18 19:47:41.702,162.0,False,162.0,False,False,162.0,False,False,True
6F171,INDIGO,DEL,BLR,2026-04-18 17:03:41.703,2026-04-18 18:12:41.703,69.0,False,69.0,False,False,69.0,False,False,True
AI011,AIR INDIA,CCU,BOM,2026-04-18 16:58:41.701,2026-04-18 21:01:41.701,243.0,False,243.0,False,False,243.0,False,False,True
6F027,INDIGO,BLR,DEL,2026-04-18 16:52:41.701,2026-04-18 18:21:41.701,89.0,False,89.0,False,False,89.0,False,False,True
UK082,VISTARA,DEL,BOM,2026-04-18 16:50:41.702,2026-04-18 21:21:41.702,271.0,False,271.0,False,False,271.0,False,False,True
UK138,VISTARA,DEL,BLR,2026-04-18 16:47:41.703,2026-04-18 19:36:41.703,169.0,False,169.0,False,False,169.0,False,False,True
UK198,VISTARA,DEL,BLR,2026-04-18 16:43:41.703,2026-04-18 18:18:41.703,95.0,False,95.0,False,False,95.0,False,False,True
6F039,INDIGO,MAA,CCU,2026-04-18 16:43:41.701,2026-04-18 21:01:41.701,258.0,False,258.0,False,False,258.0,False,False,True
6F157,INDIGO,MAA,CCU,2026-04-18 16:37:41.703,2026-04-18 18:04:41.703,87.0,False,87.0,False,False,87.0,False,False,True
SJ024,SPICEJET,DEL,MAA,2026-04-18 16:29:41.701,2026-04-18 20:21:41.701,232.0,False,232.0,False,False,232.0,False,False,True
6F167,INDIGO,BLR,BOM,2026-04-18 16:26:41.703,2026-04-18 17:50:41.703,84.0,False,84.0,False,False,84.0,False,False,True
AI197,AIR INDIA,BOM,CCU,2026-04-18 16:25:41.703,2026-04-18 20:00:41.703,215.0,False,215.0,False,False,215.0,False,False,True
SJ211,SPICEJET,MAA,BOM,2026-04-18 16:22:41.703,2026-04-18 18:34:41.703,132.0,False,132.0,False,False,132.0,False,False,True
6F055,INDIGO,DEL,CCU,2026-04-18 16:21:41.701,2026-04-18 18:49:41.701,148.0,False,148.0,False,False,148.0,False,False,True
AI253,AIR INDIA,BLR,BOM,2026-04-18 16:13:41.704,2026-04-18 19:51:41.704,218.0,False,218.0,False,False,218.0,False,False,True
UK060,VISTARA,BLR,CCU,2026-04-18 16:09:41.701,2026-04-18 19:42:41.701,213.0,False,213.0,False,False,213.0,False,False,True
6F257,INDIGO,MAA,CCU,2026-04-18 16:04:41.704,2026-04-18 19:55:41.704,231.0,False,231.0,False,False,231.0,False,False,True
SJ135,SPICEJET,MAA,CCU,2026-04-18 16:03:41.702,2026-04-18 19:48:41.702,225.0,False,225.0,False,False,225.0,False,False,True
AI247,AIR INDIA,BOM,CCU,2026-04-18 15:58:41.704,2026-04-18 19:02:41.704,184.0,False,184.0,False,False,184.0,False,False,True
UK127,VISTARA,BOM,HYD,2026-04-18 15:56:41.702,2026-04-18 20:00:41.702,244.0,False,244.0,False,False,244.0,False,False,True
AI109,AIR INDIA,BLR,BOM,2026-04-18 15:53:41.702,2026-04-18 20:14:41.702,261.0,False,261.0,False,False,261.0,False,False,True
AI057,AIR INDIA,BOM,CCU,2026-04-18 15:53:41.701,2026-04-18 19:22:41.701,209.0,False,209.0,False,False,209.0,False,False,True
6F103,INDIGO,CCU,MAA,2026-04-18 15:37:41.702,2026-04-18 18:32:41.702,175.0,False,175.0,False,False,175.0,False,False,True
SJ144,SPICEJET,BLR,BOM,2026-04-18 15:35:41.702,2026-04-18 19:12:41.702,217.0,False,217.0,False,False,217.0,False,False,True
6F076,INDIGO,CCU,HYD,2026-04-18 15:35:41.702,2026-04-18 16:20:41.702,45.0,False,45.0,False,False,45.0,False,False,True
6F240,INDIGO,DEL,HYD,2026-04-18 15:31:41.704,2026-04-18 19:56:41.704,265.0,False,265.0,False,False,265.0,False,False,True
UK057,VISTARA,CCU,DEL,2026-04-18 15:25:41.701,2026-04-18 20:04:41.701,279.0,False,279.0,False,False,279.0,False,False,True
AI201,AIR INDIA,BLR,CCU,2026-04-18 15:19:41.703,2026-04-18 16:40:41.703,81.0,False,81.0,False,False,81.0,False,False,True
SJ242,SPICEJET,BLR,HYD,2026-04-18 14:55:41.704,2026-04-18 17:42:41.704,167.0,False,167.0,False,False,167.0,False,False,True
6F037,INDIGO,BOM,MAA,2026-04-18 14:51:41.701,2026-04-18 17:23:41.701,152.0,False,152.0,False,False,152.0,False,False,True
SJ132,SPICEJET,MAA,DEL,2026-04-18 14:44:41.702,2026-04-18 15:36:41.702,52.0,False,52.0,False,False,52.0,False,False,True
AI055,AIR INDIA,CCU,BOM,2026-04-18 14:39:41.701,2026-04-18 16:18:41.701,99.0,False,99.0,False,False,99.0,False,False,True
6F252,INDIGO,MAA,BLR,2026-04-18 14:25:41.701,2026-04-18 18:52:41.701,267.0,False,267.0,False,False,267.0,False,False,True
AI183,AIR INDIA,DEL,CCU,2026-04-18 14:24:41.703,2026-04-18 16:06:41.703,102.0,False,102.0,False,False,102.0,False,False,True
SJ125,SPICEJET,DEL,BLR,2026-04-18 14:21:41.702,2026-04-18 16:55:41.702,154.0,False,154.0,False,False,154.0,False,False,True
SJ087,SPICEJET,BOM,DEL,2026-04-18 14:20:41.702,2026-04-18 19:09:41.702,289.0,False,289.0,False,False,289.0,False,False,True
UK182,VISTARA,HYD,CCU,2026-04-18 14:19:41.703,2026-04-18 18:25:41.703,246.0,False,246.0,False,False,246.0,False,False,True
AI016,AIR INDIA,BOM,CCU,2026-04-18 14:15:41.701,2026-04-18 18:38:41.701,263.0,False,263.0,False,False,263.0,False,False,True
6F107,INDIGO,CCU,BLR,2026-04-18 14:14:41.702,2026-04-18 17:14:42.000,180.0,False,180.0,False,False,180.0,False,False,True
AI026,AIR INDIA,DEL,BOM,2026-04-18 14:14:41.701,2026-04-18 15:13:41.701,59.0,False,59.0,False,False,59.0,False,False,True
AI177,AIR INDIA,CCU,HYD,2026-04-18 14:11:41.703,2026-04-18 16:26:41.703,135.0,False,135.0,False,False,135.0,False,False,True
AI041,AIR INDIA,BOM,BLR,2026-04-18 14:08:41.701,2026-04-18 15:59:41.701,111.0,False,111.0,False,False,111.0,False,False,True
6F264,INDIGO,DEL,HYD,2026-04-18 14:03:41.701,2026-04-18 18:23:41.701,260.0,False,260.0,False,False,260.0,False,False,True
6F222,INDIGO,HYD,MAA,2026-04-18 14:01:41.704,2026-04-18 16:11:41.704,130.0,False,130.0,False,False,130.0,False,False,True
AI004,AIR INDIA,HYD,MAA,2026-04-18 13:58:41.701,2026-04-18 18:12:41.701,254.0,False,254.0,False,False,254.0,False,False,True
SJ126,SPICEJET,DEL,BLR,2026-04-18 13:47:41.702,2026-04-18 16:31:41.702,164.0,False,164.0,False,False,164.0,False,False,True
SJ220,SPICEJET,BOM,CCU,2026-04-18 13:45:41.703,2026-04-18 15:21:41.703,96.0,False,96.0,False,False,96.0,False,False,True
AI204,AIR INDIA,CCU,MAA,2026-04-18 13:40:41.703,2026-04-18 18:38:41.703,298.0,False,298.0,False,False,298.0,False,False,True
UK098,VISTARA,CCU,DEL,2026-04-18 13:38:41.702,2026-04-18 17:54:41.702,256.0,False,256.0,False,False,256.0,False,False,True
AI090,AIR INDIA,MAA,CCU,2026-04-18 13:37:41.702,2026-04-18 16:11:41.702,154.0,False,154.0,False,False,154.0,False,False,True
AI092,AIR INDIA,CCU,BOM,2026-04-18 13:36:41.702,2026-04-18 16:20:41.702,164.0,False,164.0,False,False,164.0,False,False,True
AI049,AIR INDIA,CCU,MAA,2026-04-18 13:35:41.701,2026-04-18 15:48:41.701,133.0,False,133.0,False,False,133.0,False,False,True
UK117,VISTARA,BLR,BOM,2026-04-18 13:17:41.702,2026-04-18 16:54:41.702,217.0,False,217.0,False,False,217.0,False,False,True
6F227,INDIGO,MAA,BOM,2026-04-18 13:16:41.704,2026-04-18 17:41:41.704,265.0,False,265.0,False,False,265.0,False,False,True
AI228,AIR INDIA,BLR,BOM,2026-04-18 13:16:41.703,2026-04-18 17:44:41.703,268.0,False,268.0,False,False,268.0,False,False,True
SJ164,SPICEJET,CCU,MAA,2026-04-18 13:14:41.703,2026-04-18 15:14:42.000,120.0,False,120.0,False,False,120.0,False,False,True
AI018,AIR INDIA,BOM,CCU,2026-04-18 13:12:41.701,2026-04-18 18:04:41.701,292.0,False,292.0,False,False,292.0,False,False,True
UK192,VISTARA,HYD,DEL,2026-04-18 12:54:41.703,2026-04-18 13:54:42.000,60.0,False,60.0,False,False,60.0,False,False,True
SJ224,SPICEJET,DEL,MAA,2026-04-18 12:41:41.703,2026-04-18 15:33:41.703,172.0,False,172.0,False,False,172.0,False,False,True
UK050,VISTARA,BOM,DEL,2026-04-18 12:39:41.701,2026-04-18 13:18:41.701,39.0,False,39.0,False,False,39.0,False,False,True
SJ159,SPICEJET,CCU,DEL,2026-04-18 12:22:41.703,2026-04-18 14:05:41.703,103.0,False,103.0,False,False,103.0,False,False,True
UK038,VISTARA,MAA,CCU,2026-04-18 12:22:41.701,2026-04-18 15:31:41.701,189.0,False,189.0,False,False,189.0,False,False,True
6F192,INDIGO,CCU,BLR,2026-04-18 12:20:41.703,2026-04-18 16:45:41.703,265.0,False,265.0,False,False,265.0,False,False,True
6F173,INDIGO,BOM,CCU,2026-04-18 12:19:41.703,2026-04-18 13:08:41.703,49.0,False,49.0,False,False,49.0,False,False,True
AI185,AIR INDIA,CCU,BOM,2026-04-18 12:16:41.703,2026-04-18 16:18:41.703,242.0,False,242.0,False,False,242.0,False,False,True
SJ152,SPICEJET,BOM,DEL,2026-04-18 12:09:41.702,2026-04-18 13:50:41.702,101.0,False,101.0,False,False,101.0,False,False,True
AI215,AIR INDIA,BLR,DEL,2026-04-18 12:07:41.703,2026-04-18 13:43:41.703,96.0,False,96.0,False,False,96.0,False,False,True
AI074,AIR INDIA,CCU,BOM,2026-04-18 12:03:41.702,2026-04-18 12:50:41.702,47.0,False,47.0,False,False,47.0,False,False,True
6F109,INDIGO,BLR,BOM,2026-04-18 12:00:41.702,2026-04-18 12:51:41.702,51.0,False,51.0,False,False,51.0,False,False,True
6F144,INDIGO,HYD,BOM,2026-04-18 11:56:41.702,2026-04-18 15:11:41.702,195.0,False,195.0,False,False,195.0,False,False,True
6F210,INDIGO,HYD,DEL,2026-04-18 11:51:41.703,2026-04-18 15:58:41.703,247.0,False,247.0,False,False,247.0,False,False,True
SJ111,SPICEJET,DEL,MAA,2026-04-18 11:47:41.702,2026-04-18 12:59:41.702,72.0,False,72.0,False,False,72.0,False,False,True
UK092,VISTARA,MAA,BLR,2026-04-18 11:42:41.702,2026-04-18 13:17:41.702,95.0,False,95.0,False,False,95.0,False,False,True
UK009,VISTARA,BOM,DEL,2026-04-18 11:34:41.701,2026-04-18 13:41:41.701,127.0,False,127.0,False,False,127.0,False,False,True
AI170,AIR INDIA,HYD,DEL,2026-04-18 11:27:41.703,2026-04-18 15:50:41.703,263.0,False,263.0,False,False,263.0,False,False,True
6F154,INDIGO,CCU,DEL,2026-04-18 11:26:41.703,2026-04-18 12:23:41.703,57.0,False,57.0,False,False,57.0,False,False,True
6F161,INDIGO,MAA,DEL,2026-04-18 11:24:41.703,2026-04-18 12:21:41.703,57.0,False,57.0,False,False,57.0,False,False,True
UK128,VISTARA,BOM,CCU,2026-04-18 11:22:41.702,2026-04-18 14:11:41.702,169.0,False,169.0,False,False,169.0,False,False,True
AI186,AIR INDIA,DEL,BOM,2026-04-18 11:11:41.703,2026-04-18 13:05:41.703,114.0,False,114.0,False,False,114.0,False,False,True
AI099,AIR INDIA,BLR,BOM,2026-04-18 11:07:41.702,2026-04-18 13:29:41.702,142.0,False,142.0,False,False,142.0,False,False,True
6F203,INDIGO,BLR,HYD,2026-04-18 11:05:41.703,2026-04-18 12:56:41.703,111.0,False,111.0,False,False,111.0,False,False,True
UK139,VISTARA,BLR,MAA,2026-04-18 10:54:41.703,2026-04-18 14:31:41.703,217.0,False,217.0,False,False,217.0,False,False,True
SJ008,SPICEJET,HYD,BLR,2026-04-18 10:53:41.701,2026-04-18 15:48:41.701,295.0,False,295.0,False,False,295.0,False,False,True
AI171,AIR INDIA,MAA,BLR,2026-04-18 10:51:41.703,2026-04-18 13:34:41.703,163.0,False,163.0,False,False,163.0,False,False,True
6F124,INDIGO,BLR,BOM,2026-04-18 10:47:41.702,2026-04-18 15:21:41.702,274.0,False,274.0,False,False,274.0,False,False,True
6F137,INDIGO,CCU,DEL,2026-04-18 10:45:41.702,2026-04-18 15:01:41.702,256.0,False,256.0,False,False,256.0,False,False,True
AI008,AIR INDIA,BOM,CCU,2026-04-18 10:43:41.701,2026-04-18 12:43:42.000,120.0,False,120.0,False,False,120.0,False,False,True
SJ140,SPICEJET,HYD,DEL,2026-04-18 10:42:41.702,2026-04-18 14:30:41.702,228.0,False,228.0,False,False,228.0,False,False,True
UK016,VISTARA,DEL,CCU,2026-04-18 10:42:41.701,2026-04-18 11:22:41.701,40.0,False,40.0,False,False,40.0,False,False,True
AI127,AIR INDIA,DEL,HYD,2026-04-18 10:37:41.702,2026-04-18 13:45:41.702,188.0,False,188.0,False,False,188.0,False,False,True
SJ096,SPICEJET,DEL,HYD,2026-04-18 10:29:41.702,2026-04-18 13:45:41.702,196.0,False,196.0,False,False,196.0,False,False,True
6F048,INDIGO,HYD,DEL,2026-04-18 10:27:41.701,2026-04-18 11:18:41.701,51.0,False,51.0,False,False,51.0,False,False,True
SJ090,SPICEJET,HYD,MAA,2026-04-18 10:24:41.702,2026-04-18 13:11:41.702,167.0,False,167.0,False,False,167.0,False,False,True
AI014,AIR INDIA,HYD,MAA,2026-04-18 10:24:41.701,2026-04-18 13:51:41.701,207.0,False,207.0,False,False,207.0,False,False,True
6F131,INDIGO,BLR,HYD,2026-04-18 10:22:41.702,2026-04-18 14:20:41.702,238.0,False,238.0,False,False,238.0,False,False,True
AI130,AIR INDIA,BOM,BLR,2026-04-18 10:18:41.702,2026-04-18 12:59:41.702,161.0,False,161.0,False,False,161.0,False,False,True
UK151,VISTARA,BOM,CCU,2026-04-18 10:11:41.703,2026-04-18 13:30:41.703,199.0,False,199.0,False,False,199.0,False,False,True
6F165,INDIGO,BLR,BOM,2026-04-18 10:11:41.703,2026-04-18 11:09:41.703,58.0,False,58.0,False,False,58.0,False,False,True
UK161,VISTARA,BLR,BOM,2026-04-18 10:05:41.703,2026-04-18 12:48:41.703,163.0,False,163.0,False,False,163.0,False,False,True
AI107,AIR INDIA,HYD,CCU,2026-04-18 10:03:41.702,2026-04-18 10:49:41.702,46.0,False,46.0,False,False,46.0,False,False,True
SJ104,SPICEJET,HYD,DEL,2026-04-18 10:00:41.702,2026-04-18 11:00:42.000,60.0,False,60.0,False,False,60.0,False,False,True
AI042,AIR INDIA,CCU,DEL,2026-04-18 09:53:41.701,2026-04-18 10:57:41.701,64.0,False,64.0,False,False,64.0,False,False,True
6F266,INDIGO,CCU,MAA,2026-04-18 09:49:41.703,2026-04-18 11:17:41.703,88.0,False,88.0,False,False,88.0,False,False,True
6F138,INDIGO,HYD,BLR,2026-04-18 09:49:41.702,2026-04-18 12:53:41.702,184.0,False,184.0,False,False,184.0,False,False,True
SJ219,SPICEJET,BOM,DEL,2026-04-18 09:32:41.703,2026-04-18 14:09:41.703,277.0,False,277.0,False,False,277.0,False,False,True
UK197,VISTARA,BLR,HYD,2026-04-18 09:22:41.703,2026-04-18 10:54:41.703,92.0,False,92.0,False,False,92.0,False,False,True
6F119,INDIGO,DEL,BOM,2026-04-18 09:19:41.702,2026-04-18 11:33:41.702,134.0,False,134.0,False,False,134.0,False,False,True
SJ058,SPICEJET,DEL,HYD,2026-04-18 08:58:41.701,2026-04-18 13:14:41.701,256.0,False,256.0,False,False,256.0,False,False,True
AI218,AIR INDIA,BOM,CCU,2026-04-18 08:55:41.703,2026-04-18 11:55:41.703,180.0,False,180.0,False,False,180.0,False,False,True
SJ060,SPICEJET,HYD,CCU,2026-04-18 08:51:41.701,2026-04-18 13:46:41.701,295.0,False,295.0,False,False,295.0,False,False,True
UK121,VISTARA,BLR,BOM,2026-04-18 08:36:41.702,2026-04-18 12:36:41.702,240.0,False,240.0,False,False,240.0,False,False,True
6F208,INDIGO,CCU,BOM,2026-04-18 08:27:41.703,2026-04-18 11:34:41.703,187.0,False,187.0,False,False,187.0,False,False,True
6F153,INDIGO,CCU,BLR,2026-04-18 08:23:41.703,2026-04-18 12:20:41.703,237.0,False,237.0,False,False,237.0,False,False,True
AI117,AIR INDIA,HYD,BLR,2026-04-18 08:18:41.702,2026-04-18 10:09:41.702,111.0,False,111.0,False,False,111.0,False,False,True
SJ113,SPICEJET,BLR,BOM,2026-04-18 08:10:41.702,2026-04-18 10:10:42.000,120.0,False,120.0,False,False,120.0,False,False,True
AI191,AIR INDIA,BLR,MAA,2026-04-18 07:57:41.703,2026-04-18 11:58:41.703,241.0,False,241.0,False,False,241.0,False,False,True
6F267,INDIGO,DEL,MAA,2026-04-18 07:56:41.703,2026-04-18 11:49:41.703,233.0,False,233.0,False,False,233.0,False,False,True
6F185,INDIGO,CCU,DEL,2026-04-18 07:49:41.703,2026-04-18 10:08:41.703,139.0,False,139.0,False,False,139.0,False,False,True
AI114,AIR INDIA,CCU,DEL,2026-04-18 07:48:41.702,2026-04-18 09:03:41.702,75.0,False,75.0,False,False,75.0,False,False,True
6F155,INDIGO,DEL,BLR,2026-04-18 07:47:41.703,2026-04-18 08:20:41.703,33.0,False,33.0,False,False,33.0,False,False,True
UK045,VISTARA,MAA,HYD,2026-04-18 07:43:41.701,2026-04-18 09:28:41.701,105.0,False,105.0,False,False,105.0,False,False,True
AI111,AIR INDIA,MAA,CCU,2026-04-18 07:40:41.702,2026-04-18 10:39:41.702,179.0,False,179.0,False,False,179.0,False,False,True
AI156,AIR INDIA,CCU,BOM,2026-04-18 07:39:41.703,2026-04-18 09:22:41.703,103.0,False,103.0,False,False,103.0,False,False,True
SJ128,SPICEJET,CCU,BLR,2026-04-18 07:39:41.702,2026-04-18 10:42:41.702,183.0,False,183.0,False,False,183.0,False,False,True
AI104,AIR INDIA,MAA,HYD,2026-04-18 07:35:41.702,2026-04-18 09:20:41.702,105.0,False,105.0,False,False,105.0,False,False,True
6F225,INDIGO,HYD,CCU,2026-04-18 07:33:41.704,2026-04-18 12:12:41.704,279.0,False,279.0,False,False,279.0,False,False,True
6F033,INDIGO,DEL,HYD,2026-04-18 07:08:41.701,2026-04-18 09:08:41.701,120.0,False,120.0,False,False,120.0,False,False,True
6F244,INDIGO,MAA,CCU,2026-04-18 07:07:41.704,2026-04-18 08:31:41.704,84.0,False,84.0,False,False,84.0,False,False,True
UK137,VISTARA,BOM,MAA,2026-04-18 07:04:41.703,2026-04-18 09:14:41.703,130.0,False,130.0,False,False,130.0,False,False,True
AI063,AIR INDIA,HYD,BLR,2026-04-18 07:03:41.701,2026-04-18 11:26:41.701,263.0,False,263.0,False,False,263.0,False,False,True
SJ156,SPICEJET,BOM,DEL,2026-04-18 06:59:41.703,2026-04-18 07:34:41.703,35.0,False,35.0,False,False,35.0,False,False,True
UK125,VISTARA,HYD,BOM,2026-04-18 06:58:41.702,2026-04-18 11:44:41.702,286.0,False,286.0,False,False,286.0,False,False,True
AI232,AIR INDIA,DEL,BLR,2026-04-18 06:43:41.704,2026-04-18 10:13:41.704,210.0,False,210.0,False,False,210.0,False,False,True
AI167,AIR INDIA,BLR,DEL,2026-04-18 06:43:41.703,2026-04-18 11:10:41.703,267.0,False,267.0,False,False,267.0,False,False,True
UK160,VISTARA,BLR,BOM,2026-04-18 06:42:41.703,2026-04-18 10:58:41.703,256.0,False,256.0,False,False,256.0,False,False,True
UK129,VISTARA,HYD,MAA,2026-04-18 06:29:41.702,2026-04-18 07:29:42.000,60.0,False,60.0,False,False,60.0,False,False,True
SJ230,SPICEJET,BOM,CCU,2026-04-18 06:22:41.704,2026-04-18 10:57:41.704,275.0,False,275.0,False,False,275.0,False,False,True
SJ056,SPICEJET,HYD,DEL,2026-04-18 06:11:41.701,2026-04-18 07:10:41.701,59.0,False,59.0,False,False,59.0,False,False,True
SJ137,SPICEJET,CCU,DEL,2026-04-18 06:08:41.702,2026-04-18 10:14:41.702,246.0,False,246.0,False,False,246.0,False,False,True
6F081,INDIGO,MAA,BLR,2026-04-18 06:04:41.702,2026-04-18 07:43:41.702,99.0,False,99.0,False,False,99.0,False,False,True
6F088,INDIGO,CCU,BLR,2026-04-18 05:51:41.702,2026-04-18 08:22:41.702,151.0,False,151.0,False,False,151.0,False,False,True
6F121,INDIGO,HYD,MAA,2026-04-18 05:44:41.702,2026-04-18 10:42:41.702,298.0,False,298.0,False,False,298.0,False,False,True
UK214,VISTARA,HYD,DEL,2026-04-18 05:30:41.704,2026-04-18 09:10:41.704,220.0,False,220.0,False,False,220.0,False,False,True
6F060,INDIGO,DEL,BLR,2026-04-18 05:29:41.701,2026-04-18 07:29:42.000,120.0,False,120.0,False,False,120.0,False,False,True
SJ101,SPICEJET,CCU,DEL,2026-04-18 05:17:41.702,2026-04-18 06:57:41.702,100.0,False,100.0,False,False,100.0,False,False,True
AI017,AIR INDIA,CCU,BOM,2026-04-18 05:15:41.701,2026-04-18 08:48:41.701,213.0,False,213.0,False,False,213.0,False,False,True
6F120,INDIGO,BLR,BOM,2026-04-18 05:14:41.702,2026-04-18 06:14:41.702,60.0,False,60.0,False,False,60.0,False,False,True
6F217,INDIGO,BLR,BOM,2026-04-18 05:13:41.704,2026-04-18 08:01:41.704,168.0,False,168.0,False,False,168.0,False,False,True
AI194,AIR INDIA,MAA,BLR,2026-04-18 05:09:41.703,2026-04-18 09:38:41.703,269.0,False,269.0,False,False,269.0,False,False,True
AI095,AIR INDIA,DEL,MAA,2026-04-18 05:00:41.702,2026-04-18 08:18:41.702,198.0,False,198.0,False,False,198.0,False,False,True
SJ190,SPICEJET,BOM,CCU,2026-04-18 04:57:41.703,2026-04-18 09:25:41.703,268.0,False,268.0,False,False,268.0,False,False,True
6F139,INDIGO,HYD,MAA,2026-04-18 04:55:41.702,2026-04-18 08:17:41.702,202.0,False,202.0,False,False,202.0,False,False,True
6F062,INDIGO,CCU,DEL,2026-04-18 04:55:41.701,2026-04-18 06:22:41.701,87.0,False,87.0,False,False,87.0,False,False,True
UK011,VISTARA,CCU,DEL,2026-04-18 04:41:41.701,2026-04-18 06:25:41.701,104.0,False,104.0,False,False,104.0,False,False,True
6F100,INDIGO,BOM,BLR,2026-04-18 04:40:41.702,2026-04-18 07:49:41.702,189.0,False,189.0,False,False,189.0,False,False,True
6F228,INDIGO,HYD,MAA,2026-04-18 04:36:41.704,2026-04-18 09:27:41.704,291.0,False,291.0,False,False,291.0,False,False,True
UK033,VISTARA,HYD,DEL,2026-04-18 04:34:41.701,2026-04-18 09:18:41.701,284.0,False,284.0,False,False,284.0,False,False,True
SJ231,SPICEJET,DEL,BLR,2026-04-18 04:23:41.704,2026-04-18 05:48:41.704,85.0,False,85.0,False,False,85.0,False,False,True
AI166,AIR INDIA,BOM,CCU,2026-04-18 04:20:41.703,2026-04-18 07:23:41.703,183.0,False,183.0,False,False,183.0,False,False,True
SJ176,SPICEJET,DEL,BOM,2026-04-18 04:15:41.703,2026-04-18 06:17:41.703,122.0,False,122.0,False,False,122.0,False,False,True
SJ065,SPICEJET,MAA,BLR,2026-04-18 04:10:41.701,2026-04-18 06:54:41.701,164.0,False,164.0,False,False,164.0,False,False,True
6F160,INDIGO,MAA,BLR,2026-04-18 04:09:41.703,2026-04-18 08:26:41.703,257.0,False,257.0,False,False,257.0,False,False,True
AI089,AIR INDIA,CCU,BOM,2026-04-18 04:05:41.702,2026-04-18 04:47:41.702,42.0,False,42.0,False,False,42.0,False,False,True
UK226,VISTARA,MAA,HYD,2026-04-18 03:58:41.704,2026-04-18 05:01:41.704,63.0,False,63.0,False,False,63.0,False,False,True
SJ123,SPICEJET,BOM,CCU,2026-04-18 03:57:41.702,2026-04-18 05:25:41.702,88.0,False,88.0,False,False,88.0,False,False,True
AI054,AIR INDIA,HYD,CCU,2026-04-18 03:44:41.701,2026-04-18 08:10:41.701,266.0,False,266.0,False,False,266.0,False,False,True
UK019,VISTARA,BOM,HYD,2026-04-18 03:41:41.701,2026-04-18 04:35:41.701,54.0,False,54.0,False,False,54.0,False,False,True
UK032,VISTARA,BLR,BOM,2026-04-18 03:31:41.701,2026-04-18 07:28:41.701,237.0,False,237.0,False,False,237.0,False,False,True
SJ100,SPICEJET,MAA,BLR,2026-04-18 03:28:41.702,2026-04-18 06:50:41.702,202.0,False,202.0,False,False,202.0,False,False,True
SJ094,SPICEJET,MAA,HYD,2026-04-18 03:23:41.702,2026-04-18 08:07:41.702,284.0,False,284.0,False,False,284.0,False,False,True
6F101,INDIGO,BOM,MAA,2026-04-18 03:18:41.702,2026-04-18 08:15:41.702,297.0,False,297.0,False,False,297.0,False,False,True
6F006,INDIGO,BOM,BLR,2026-04-18 03:06:41.701,2026-04-18 05:06:42.000,120.0,False,120.0,False,False,120.0,False,False,True
AI006,AIR INDIA,BOM,BLR,2026-04-18 03:04:41.701,2026-04-18 05:54:41.701,170.0,False,170.0,False,False,170.0,False,False,True
AI195,AIR INDIA,CCU,MAA,2026-04-18 02:58:41.703,2026-04-18 04:57:41.703,119.0,False,119.0,False,False,119.0,False,False,True
UK072,VISTARA,BOM,BLR,2026-04-18 02:55:41.702,2026-04-18 05:55:42.000,180.0,False,180.0,False,False,180.0,False,False,True
AI244,AIR INDIA,BLR,BOM,2026-04-18 02:50:41.704,2026-04-18 03:25:41.704,35.0,False,35.0,False,False,35.0,False,False,True
SJ059,SPICEJET,CCU,DEL,2026-04-18 02:50:41.701,2026-04-18 04:06:41.701,76.0,False,76.0,False,False,76.0,False,False,True
SJ009,SPICEJET,CCU,BLR,2026-04-18 02:48:41.701,2026-04-18 04:23:41.701,95.0,False,95.0,False,False,95.0,False,False,True
AI121,AIR INDIA,HYD,MAA,2026-04-18 02:42:41.702,2026-04-18 06:11:41.702,209.0,False,209.0,False,False,209.0,False,False,True
6F265,INDIGO,DEL,HYD,2026-04-18 02:27:41.703,2026-04-18 03:24:41.703,57.0,False,57.0,False,False,57.0,False,False,True
6F110,INDIGO,HYD,DEL,2026-04-18 02:27:41.702,2026-04-18 05:48:41.702,201.0,False,201.0,False,False,201.0,False,False,True
UK018,VISTARA,BOM,CCU,2026-04-18 02:15:41.701,2026-04-18 04:08:41.701,113.0,False,113.0,False,False,113.0,False,False,True
6F072,INDIGO,BLR,CCU,2026-04-18 02:14:41.702,2026-04-18 03:11:41.702,57.0,False,57.0,False,False,57.0,False,False,True
6F159,INDIGO,CCU,BOM,2026-04-18 02:08:41.703,2026-04-18 02:43:41.703,35.0,False,35.0,False,False,35.0,False,False,True
6F095,INDIGO,BLR,MAA,2026-04-18 01:53:41.702,2026-04-18 05:34:41.702,221.0,False,221.0,False,False,221.0,False,False,True
SJ129,SPICEJET,CCU,BOM,2026-04-18 01:48:41.702,2026-04-18 05:48:41.702,240.0,False,240.0,False,False,240.0,False,False,True
UK039,VISTARA,HYD,BOM,2026-04-18 01:40:41.701,2026-04-18 02:53:41.701,73.0,False,73.0,False,False,73.0,False,False,True
6F130,INDIGO,DEL,HYD,2026-04-18 01:27:41.702,2026-04-18 02:45:41.702,78.0,False,78.0,False,False,78.0,False,False,True
6F247,INDIGO,DEL,HYD,2026-04-18 01:27:41.702,2026-04-18 02:45:41.702,78.0,False,78.0,False,False,78.0,False,False,True
SJ233,SPICEJET,DEL,HYD,2026-04-18 01:18:41.704,2026-04-18 02:56:41.704,98.0,False,98.0,False,False,98.0,False,False,True
6F231,INDIGO,HYD,MAA,2026-04-18 01:16:41.704,2026-04-18 05:43:41.704,267.0,False,267.0,False,False,267.0,False,False,True
AI125,AIR INDIA,CCU,DEL,2026-04-18 01:12:41.702,2026-04-18 04:51:41.702,219.0,False,219.0,False,False,219.0,False,False,True
6F102,INDIGO,HYD,MAA,2026-04-18 01:10:41.702,2026-04-18 02:24:41.702,74.0,False,74.0,False,False,74.0,False,False,True
UK078,VISTARA,BOM,HYD,2026-04-18 01:03:41.702,2026-04-18 04:32:41.702,209.0,False,209.0,False,False,209.0,False,False,True
UK043,VISTARA,DEL,HYD,2026-04-18 00:48:41.701,2026-04-18 04:52:41.701,244.0,False,244.0,False,False,244.0,False,False,True
AI144,AIR INDIA,MAA,BOM,2026-04-18 00:43:41.702,2026-04-18 03:36:41.702,173.0,False,173.0,False,False,173.0,False,False,True
UK054,VISTARA,BLR,BOM,2026-04-18 00:37:41.701,2026-04-18 05:30:41.701,293.0,False,293.0,False,False,293.0,False,False,True
UK108,VISTARA,DEL,BLR,2026-04-18 00:28:41.702,2026-04-18 03:46:41.702,198.0,False,198.0,False,False,198.0,False,False,True
6F008,INDIGO,DEL,BOM,2026-04-18 00:14:41.701,2026-04-18 04:59:41.701,285.0,False,285.0,False,False,285.0,False,False,True
6F106,INDIGO,BOM,CCU,2026-04-18 00:10:41.702,2026-04-18 01:52:41.702,102.0,False,102.0,False,False,102.0,False,False,True
AI203,AIR INDIA,BOM,CCU,2026-04-18 00:09:41.703,2026-04-18 02:56:41.703,167.0,False,167.0,False,False,167.0,False,False,True
AI065,AIR INDIA,MAA,BLR,2026-04-18 00:09:41.701,2026-04-18 05:00:41.701,291.0,False,291.0,False,False,291.0,False,False,True
UK053,VISTARA,BLR,BOM,2026-04-17 23:56:41.701,2026-04-18 02:46:41.701,170.0,True,170.0,False,False,170.0,False,False,True
UK086,VISTARA,CCU,BLR,2026-04-17 23:55:41.702,2026-04-18 02:27:41.702,152.0,True,152.0,False,False,152.0,False,False,True
SJ223,SPICEJET,HYD,MAA,2026-04-17 23:54:41.703,2026-04-18 01:08:41.703,74.0,True,74.0,False,False,74.0,False,False,True
6F069,INDIGO,MAA,BLR,2026-04-17 23:44:41.701,2026-04-18 03:17:41.701,213.0,True,213.0,False,False,213.0,False,False,True
6F032,INDIGO,DEL,BOM,2026-04-17 23:43:41.701,2026-04-18 02:22:41.701,159.0,True,159.0,False,False,159.0,False,False,True
UK178,VISTARA,DEL,BLR,2026-04-17 23:41:41.703,2026-04-18 04:09:41.703,268.0,True,268.0,False,False,268.0,False,False,True
6F108,INDIGO,DEL,HYD,2026-04-17 23:41:41.702,2026-04-18 03:23:41.702,222.0,True,222.0,False,False,222.0,False,False,True
UK147,VISTARA,CCU,DEL,2026-04-17 23:35:41.703,2026-04-18 02:55:41.703,200.0,True,200.0,False,False,200.0,False,False,True
AI187,AIR INDIA,BLR,HYD,2026-04-17 23:32:41.703,2026-04-18 01:16:41.703,104.0,True,104.0,False,False,104.0,False,False,True
UK213,VISTARA,BOM,CCU,2026-04-17 23:21:41.704,2026-04-18 01:01:41.704,100.0,True,100.0,False,False,100.0,False,False,True
AI035,AIR INDIA,DEL,MAA,2026-04-17 23:17:41.701,2026-04-18 00:48:41.701,91.0,True,91.0,False,False,91.0,False,False,True
UK186,VISTARA,BOM,BLR,2026-04-17 23:05:41.703,2026-04-18 02:22:41.703,197.0,True,197.0,False,False,197.0,False,False,True
6F045,INDIGO,BOM,HYD,2026-04-17 23:04:41.701,2026-04-18 03:38:41.701,274.0,True,274.0,False,False,274.0,False,False,True
UK025,VISTARA,DEL,BOM,2026-04-17 22:55:41.701,2026-04-18 02:47:41.701,232.0,True,232.0,False,False,232.0,False,False,True
UK162,VISTARA,BOM,CCU,2026-04-17 22:47:41.703,2026-04-18 00:21:41.703,94.0,True,94.0,False,False,94.0,False,False,True
AI157,AIR INDIA,BLR,CCU,2026-04-17 22:45:41.703,2026-04-18 01:33:41.703,168.0,True,168.0,False,False,168.0,False,False,True
6F096,INDIGO,MAA,BLR,2026-04-17 22:45:41.702,2026-04-18 02:58:41.702,253.0,True,253.0,False,False,253.0,False,False,True
SJ229,SPICEJET,CCU,DEL,2026-04-17 22:25:41.704,2026-04-18 00:27:41.704,122.0,True,122.0,False,False,122.0,False,False,True
AI214,AIR INDIA,CCU,DEL,2026-04-17 22:23:41.703,2026-04-18 02:49:41.703,266.0,True,266.0,False,False,266.0,False,False,True
6F205,INDIGO,HYD,BOM,2026-04-17 22:16:41.703,2026-04-18 00:02:41.703,106.0,True,106.0,False,False,106.0,False,False,True
SJ157,SPICEJET,DEL,HYD,2026-04-17 22:11:41.703,2026-04-18 01:05:41.703,174.0,True,174.0,False,False,174.0,False,False,True
UK114,VISTARA,HYD,CCU,2026-04-17 22:10:41.702,2026-04-17 23:58:41.702,108.0,False,108.0,False,False,108.0,False,False,True
6F054,INDIGO,HYD,BLR,2026-04-17 22:00:41.701,2026-04-18 01:25:41.701,205.0,True,205.0,False,False,205.0,False,False,True
6F216,INDIGO,BLR,DEL,2026-04-17 21:58:41.704,2026-04-18 02:51:41.704,293.0,True,293.0,False,False,293.0,False,False,True
AI231,AIR INDIA,DEL,HYD,2026-04-17 21:52:41.704,2026-04-17 23:51:41.704,119.0,False,119.0,False,False,119.0,False,False,True
UK103,VISTARA,MAA,DEL,2026-04-17 21:52:41.702,2026-04-18 01:06:41.702,194.0,True,194.0,False,False,194.0,False,False,True
AI066,AIR INDIA,HYD,MAA,2026-04-17 21:51:41.701,2026-04-18 00:11:41.701,140.0,True,140.0,False,False,140.0,False,False,True
6F186,INDIGO,HYD,BOM,2026-04-17 21:48:41.703,2026-04-18 02:02:41.703,254.0,True,254.0,False,False,254.0,False,False,True
AI021,AIR INDIA,DEL,HYD,2026-04-17 21:39:41.701,2026-04-18 01:38:41.701,239.0,True,239.0,False,False,239.0,False,False,True
AI113,AIR INDIA,CCU,HYD,2026-04-17 21:21:41.702,2026-04-17 23:51:41.702,150.0,False,150.0,False,False,150.0,False,False,True
SJ031,SPICEJET,DEL,BOM,2026-04-17 21:20:41.701,2026-04-17 22:29:41.701,69.0,False,69.0,False,False,69.0,False,False,True
UK217,VISTARA,MAA,CCU,2026-04-17 21:19:41.704,2026-04-17 22:14:41.704,55.0,False,55.0,False,False,55.0,False,False,True
SJ120,SPICEJET,MAA,BLR,2026-04-17 21:19:41.702,2026-04-18 00:56:41.702,217.0,True,217.0,False,False,217.0,False,False,True
UK180,VISTARA,CCU,MAA,2026-04-17 21:18:41.703,2026-04-17 23:29:41.703,131.0,False,131.0,False,False,131.0,False,False,True
6F242,INDIGO,BLR,MAA,2026-04-17 21:10:41.704,2026-04-18 01:04:41.704,234.0,True,234.0,False,False,234.0,False,False,True
UK080,VISTARA,BLR,MAA,2026-04-17 21:09:41.702,2026-04-17 22:29:41.702,80.0,False,80.0,False,False,80.0,False,False,True
SJ124,SPICEJET,HYD,DEL,2026-04-17 21:05:41.702,2026-04-18 01:12:41.702,247.0,True,247.0,False,False,247.0,False,False,True
SJ115,SPICEJET,BOM,HYD,2026-04-17 21:05:41.702,2026-04-17 23:10:41.702,125.0,False,125.0,False,False,125.0,False,False,True
AI081,AIR INDIA,CCU,BOM,2026-04-17 21:03:41.702,2026-04-17 22:51:41.702,108.0,False,108.0,False,False,108.0,False,False,True
AI142,AIR INDIA,BOM,DEL,2026-04-17 20:49:41.702,2026-04-17 23:03:41.702,134.0,False,134.0,False,False,134.0,False,False,True
UK052,VISTARA,BLR,CCU,2026-04-17 20:48:41.701,2026-04-17 21:40:41.701,52.0,False,52.0,False,False,52.0,False,False,True
UK014,VISTARA,HYD,MAA,2026-04-17 20:41:41.701,2026-04-17 22:06:41.701,85.0,False,85.0,False,False,85.0,False,False,True
AI230,AIR INDIA,CCU,BLR,2026-04-17 20:37:41.704,2026-04-18 00:22:41.704,225.0,True,225.0,False,False,225.0,False,False,True
6F268,INDIGO,DEL,MAA,2026-04-17 20:29:41.701,2026-04-17 21:58:41.701,89.0,False,89.0,False,False,89.0,False,False,True
AI124,AIR INDIA,CCU,HYD,2026-04-17 20:28:41.702,2026-04-18 00:00:41.702,212.0,True,212.0,False,False,212.0,False,False,True
6F082,INDIGO,BOM,BLR,2026-04-17 20:26:41.702,2026-04-17 22:26:41.702,120.0,False,120.0,False,False,120.0,False,False,True
SJ035,SPICEJET,CCU,DEL,2026-04-17 20:15:41.701,2026-04-17 21:15:42.000,60.0,False,60.0,False,False,60.0,False,False,True
SJ095,SPICEJET,DEL,MAA,2026-04-17 20:09:41.702,2026-04-17 23:13:41.702,184.0,False,184.0,False,False,184.0,False,False,True
UK230,VISTARA,BLR,BOM,2026-04-17 20:02:41.704,2026-04-17 21:35:41.704,93.0,False,93.0,False,False,93.0,False,False,True
UK171,VISTARA,HYD,CCU,2026-04-17 19:59:41.703,2026-04-17 22:53:41.703,174.0,False,174.0,False,False,174.0,False,False,True
6F147,INDIGO,HYD,MAA,2026-04-17 19:57:41.703,2026-04-18 00:31:41.703,274.0,True,274.0,False,False,274.0,False,False,True
SJ212,SPICEJET,MAA,BLR,2026-04-17 19:49:41.703,2026-04-17 21:44:41.703,115.0,False,115.0,False,False,115.0,False,False,True
6F080,INDIGO,HYD,MAA,2026-04-17 19:47:41.702,2026-04-17 23:13:41.702,206.0,False,206.0,False,False,206.0,False,False,True
UK049,VISTARA,HYD,BOM,2026-04-17 19:47:41.701,2026-04-17 20:32:41.701,45.0,False,45.0,False,False,45.0,False,False,True
AI152,AIR INDIA,BLR,CCU,2026-04-17 19:21:41.703,2026-04-17 20:26:41.703,65.0,False,65.0,False,False,65.0,False,False,True
AI162,AIR INDIA,MAA,DEL,2026-04-17 19:20:41.703,2026-04-17 22:40:41.703,200.0,False,200.0,False,False,200.0,False,False,True
SJ037,SPICEJET,BLR,BOM,2026-04-17 19:14:41.701,2026-04-17 22:31:41.701,197.0,False,197.0,False,False,197.0,False,False,True
AI172,AIR INDIA,BOM,CCU,2026-04-17 19:08:41.703,2026-04-17 19:53:41.703,45.0,False,45.0,False,False,45.0,False,False,True
UK205,VISTARA,HYD,MAA,2026-04-17 18:57:41.703,2026-04-17 21:46:41.703,169.0,False,169.0,False,False,169.0,False,False,True
AI199,AIR INDIA,HYD,DEL,2026-04-17 18:47:41.703,2026-04-17 22:26:41.703,219.0,False,219.0,False,False,219.0,False,False,True
6F241,INDIGO,DEL,HYD,2026-04-17 18:27:41.704,2026-04-17 19:02:41.704,35.0,False,35.0,False,False,35.0,False,False,True
SJ041,SPICEJET,CCU,HYD,2026-04-17 18:24:41.701,2026-04-17 22:59:41.701,275.0,False,275.0,False,False,275.0,False,False,True
AI064,AIR INDIA,BLR,MAA,2026-04-17 18:24:41.701,2026-04-17 20:07:41.701,103.0,False,103.0,False,False,103.0,False,False,True
UK169,VISTARA,HYD,DEL,2026-04-17 18:12:41.703,2026-04-17 23:01:41.703,289.0,False,289.0,False,False,289.0,False,False,True
UK144,VISTARA,BOM,CCU,2026-04-17 18:07:41.703,2026-04-17 20:59:41.703,172.0,False,172.0,False,False,172.0,False,False,True
AI118,AIR INDIA,HYD,MAA,2026-04-17 17:50:41.702,2026-04-17 19:59:41.702,129.0,False,129.0,False,False,129.0,False,False,True
SJ145,SPICEJET,BLR,HYD,2026-04-17 17:41:41.702,2026-04-17 20:38:41.702,177.0,False,177.0,False,False,177.0,False,False,True
SJ077,SPICEJET,BLR,MAA,2026-04-17 17:32:41.701,2026-04-17 19:40:41.701,128.0,False,128.0,False,False,128.0,False,False,True
AI126,AIR INDIA,MAA,HYD,2026-04-17 17:26:41.702,2026-04-17 20:48:41.702,202.0,False,202.0,False,False,202.0,False,False,True
SJ033,SPICEJET,HYD,DEL,2026-04-17 17:26:41.701,2026-04-17 18:51:41.701,85.0,False,85.0,False,False,85.0,False,False,True
SJ180,SPICEJET,HYD,CCU,2026-04-17 17:12:41.703,2026-04-17 22:00:41.703,288.0,False,288.0,False,False,288.0,False,False,True
6F183,INDIGO,MAA,HYD,2026-04-17 17:08:41.703,2026-04-17 19:52:41.703,164.0,False,164.0,False,False,164.0,False,False,True
AI145,AIR INDIA,DEL,BOM,2026-04-17 17:06:41.702,2026-04-17 21:31:41.702,265.0,False,265.0,False,False,265.0,False,False,True
6F089,INDIGO,DEL,HYD,2026-04-17 17:06:41.702,2026-04-17 19:10:41.702,124.0,False,124.0,False,False,124.0,False,False,True
6F207,INDIGO,BOM,HYD,2026-04-17 16:59:41.703,2026-04-17 21:00:41.703,241.0,False,241.0,False,False,241.0,False,False,True
AI229,AIR INDIA,HYD,MAA,2026-04-17 16:48:41.703,2026-04-17 18:40:41.703,112.0,False,112.0,False,False,112.0,False,False,True
6F223,INDIGO,MAA,BLR,2026-04-17 16:47:41.704,2026-04-17 17:21:41.704,34.0,False,34.0,False,False,34.0,False,False,True
6F116,INDIGO,MAA,CCU,2026-04-17 16:43:41.702,2026-04-17 19:02:41.702,139.0,False,139.0,False,False,139.0,False,False,True
SJ240,SPICEJET,BOM,HYD,2026-04-17 16:42:41.704,2026-04-17 20:21:41.704,219.0,False,219.0,False,False,219.0,False,False,True
SJ184,SPICEJET,CCU,DEL,2026-04-17 16:32:41.703,2026-04-17 21:00:41.703,268.0,False,268.0,False,False,268.0,False,False,True
AI087,AIR INDIA,MAA,DEL,2026-04-17 16:32:41.702,2026-04-17 20:30:41.702,238.0,False,238.0,False,False,238.0,False,False,True
UK148,VISTARA,HYD,BOM,2026-04-17 16:31:41.703,2026-04-17 18:43:41.703,132.0,False,132.0,False,False,132.0,False,False,True
AI210,AIR INDIA,BLR,BOM,2026-04-17 16:13:41.703,2026-04-17 18:50:41.703,157.0,False,157.0,False,False,157.0,False,False,True
6F093,INDIGO,CCU,DEL,2026-04-17 16:09:41.702,2026-04-17 20:00:41.702,231.0,False,231.0,False,False,231.0,False,False,True
SJ080,SPICEJET,CCU,MAA,2026-04-17 16:04:41.702,2026-04-17 17:59:41.702,115.0,False,115.0,False,False,115.0,False,False,True
SJ005,SPICEJET,DEL,MAA,2026-04-17 16:03:41.701,2026-04-17 17:24:41.701,81.0,False,81.0,False,False,81.0,False,False,True
6F040,INDIGO,HYD,CCU,2026-04-17 15:52:41.701,2026-04-17 20:33:41.701,281.0,False,281.0,False,False,281.0,False,False,True
AI212,AIR INDIA,DEL,CCU,2026-04-17 15:31:41.703,2026-04-17 20:13:41.703,282.0,False,282.0,False,False,282.0,False,False,True
AI154,AIR INDIA,HYD,MAA,2026-04-17 15:25:41.703,2026-04-17 19:16:41.703,231.0,False,231.0,False,False,231.0,False,False,True
6F239,INDIGO,CCU,BOM,2026-04-17 15:24:41.704,2026-04-17 17:37:41.704,133.0,False,133.0,False,False,133.0,False,False,True
UK199,VISTARA,BOM,CCU,2026-04-17 15:24:41.703,2026-04-17 18:55:41.703,211.0,False,211.0,False,False,211.0,False,False,True
6F218,INDIGO,BLR,BOM,2026-04-17 15:16:41.704,2026-04-17 19:03:41.704,227.0,False,227.0,False,False,227.0,False,False,True
6F011,INDIGO,MAA,BLR,2026-04-17 15:16:41.701,2026-04-17 17:16:42.000,120.0,False,120.0,False,False,120.0,False,False,True
UK106,VISTARA,BOM,CCU,2026-04-17 15:12:41.702,2026-04-17 17:23:41.702,131.0,False,131.0,False,False,131.0,False,False,True
UK030,VISTARA,CCU,DEL,2026-04-17 15:11:41.701,2026-04-17 19:38:41.701,267.0,False,267.0,False,False,267.0,False,False,True
6F090,INDIGO,HYD,BLR,2026-04-17 15:10:41.702,2026-04-17 19:22:41.702,252.0,False,252.0,False,False,252.0,False,False,True
AI184,AIR INDIA,BOM,CCU,2026-04-17 15:03:41.703,2026-04-17 17:03:42.000,120.0,False,120.0,False,False,120.0,False,False,True
SJ232,SPICEJET,MAA,BLR,2026-04-17 15:02:41.704,2026-04-17 19:22:41.704,260.0,False,260.0,False,False,260.0,False,False,True
AI153,AIR INDIA,BOM,CCU,2026-04-17 15:02:41.703,2026-04-17 16:30:41.703,88.0,False,88.0,False,False,88.0,False,False,True
UK101,VISTARA,DEL,HYD,2026-04-17 15:00:41.702,2026-04-17 17:43:41.702,163.0,False,163.0,False,False,163.0,False,False,True
6F200,INDIGO,HYD,DEL,2026-04-17 14:54:41.703,2026-04-17 19:41:41.703,287.0,False,287.0,False,False,287.0,False,False,True
6F162,INDIGO,CCU,BOM,2026-04-17 14:50:41.703,2026-04-17 17:44:41.703,174.0,False,174.0,False,False,174.0,False,False,True
SJ197,SPICEJET,HYD,BLR,2026-04-17 14:49:41.703,2026-04-17 17:33:41.703,164.0,False,164.0,False,False,164.0,False,False,True
AI174,AIR INDIA,DEL,CCU,2026-04-17 14:45:41.703,2026-04-17 17:01:41.703,136.0,False,136.0,False,False,136.0,False,False,True
UK090,VISTARA,HYD,MAA,2026-04-17 14:44:41.702,2026-04-17 17:24:41.702,160.0,False,160.0,False,False,160.0,False,False,True
UK124,VISTARA,MAA,BLR,2026-04-17 14:35:41.702,2026-04-17 17:09:41.702,154.0,False,154.0,False,False,154.0,False,False,True
AI239,AIR INDIA,BOM,HYD,2026-04-17 14:33:41.704,2026-04-17 17:47:41.704,194.0,False,194.0,False,False,194.0,False,False,True
UK002,VISTARA,CCU,MAA,2026-04-17 14:28:41.700,2026-04-17 19:20:41.700,292.0,False,292.0,False,False,292.0,False,False,True
SJ055,SPICEJET,HYD,MAA,2026-04-17 14:17:41.701,2026-04-17 17:56:41.701,219.0,False,219.0,False,False,219.0,False,False,True
UK132,VISTARA,BOM,DEL,2026-04-17 14:12:41.702,2026-04-17 16:19:41.702,127.0,False,127.0,False,False,127.0,False,False,True
6F002,INDIGO,BLR,MAA,2026-04-17 14:11:41.700,2026-04-17 17:34:41.700,203.0,False,203.0,False,False,203.0,False,False,True
UK005,VISTARA,BOM,MAA,2026-04-17 14:02:41.701,2026-04-17 18:14:41.701,252.0,False,252.0,False,False,252.0,False,False,True
6F258,INDIGO,BOM,DEL,2026-04-17 13:54:41.703,2026-04-17 16:49:41.703,175.0,False,175.0,False,False,175.0,False,False,True
SJ244,SPICEJET,BLR,DEL,2026-04-17 13:51:41.704,2026-04-17 15:39:41.704,108.0,False,108.0,False,False,108.0,False,False,True
AI075,AIR INDIA,CCU,DEL,2026-04-17 13:51:41.702,2026-04-17 16:49:41.702,178.0,False,178.0,False,False,178.0,False,False,True
AI160,AIR INDIA,MAA,DEL,2026-04-17 13:41:41.703,2026-04-17 17:01:41.703,200.0,False,200.0,False,False,200.0,False,False,True
UK091,VISTARA,CCU,BOM,2026-04-17 13:37:41.702,2026-04-17 17:31:41.702,234.0,False,234.0,False,False,234.0,False,False,True
UK195,VISTARA,HYD,BOM,2026-04-17 13:35:41.703,2026-04-17 16:35:41.703,180.0,False,180.0,False,False,180.0,False,False,True
6F044,INDIGO,DEL,HYD,2026-04-17 13:25:41.701,2026-04-17 17:36:41.701,251.0,False,251.0,False,False,251.0,False,False,True
6F248,INDIGO,DEL,HYD,2026-04-17 13:25:41.701,2026-04-17 17:36:41.701,251.0,False,251.0,False,False,251.0,False,False,True
6F204,INDIGO,DEL,CCU,2026-04-17 13:23:41.703,2026-04-17 16:04:41.703,161.0,False,161.0,False,False,161.0,False,False,True
SJ092,SPICEJET,BLR,MAA,2026-04-17 13:19:41.702,2026-04-17 17:56:41.702,277.0,False,277.0,False,False,277.0,False,False,True
AI119,AIR INDIA,MAA,BLR,2026-04-17 13:15:41.702,2026-04-17 15:57:41.702,162.0,False,162.0,False,False,162.0,False,False,True
AI151,AIR INDIA,MAA,HYD,2026-04-17 13:14:41.703,2026-04-17 14:10:41.703,56.0,False,56.0,False,False,56.0,False,False,True
UK107,VISTARA,HYD,BOM,2026-04-17 13:09:41.702,2026-04-17 14:25:41.702,76.0,False,76.0,False,False,76.0,False,False,True
SJ019,SPICEJET,BLR,DEL,2026-04-17 13:07:41.701,2026-04-17 15:56:41.701,169.0,False,169.0,False,False,169.0,False,False,True
AI052,AIR INDIA,CCU,MAA,2026-04-17 13:06:41.701,2026-04-17 15:42:41.701,156.0,False,156.0,False,False,156.0,False,False,True
SJ177,SPICEJET,BOM,CCU,2026-04-17 13:04:41.703,2026-04-17 17:37:41.703,273.0,False,273.0,False,False,273.0,False,False,True
6F215,INDIGO,DEL,BLR,2026-04-17 13:00:41.703,2026-04-17 17:30:41.703,270.0,False,270.0,False,False,270.0,False,False,True
AI223,AIR INDIA,BOM,CCU,2026-04-17 12:53:41.703,2026-04-17 14:42:41.703,109.0,False,109.0,False,False,109.0,False,False,True
SJ069,SPICEJET,HYD,BLR,2026-04-17 12:53:41.701,2026-04-17 14:17:41.701,84.0,False,84.0,False,False,84.0,False,False,True
6F198,INDIGO,HYD,BLR,2026-04-17 12:40:41.703,2026-04-17 17:39:41.703,299.0,False,299.0,False,False,299.0,False,False,True
AI093,AIR INDIA,BOM,BLR,2026-04-17 12:35:41.702,2026-04-17 17:28:41.702,293.0,False,293.0,False,False,293.0,False,False,True
UK062,VISTARA,HYD,DEL,2026-04-17 12:33:41.701,2026-04-17 15:35:41.701,182.0,False,182.0,False,False,182.0,False,False,True
6F057,INDIGO,MAA,DEL,2026-04-17 12:32:41.701,2026-04-17 15:50:41.701,198.0,False,198.0,False,False,198.0,False,False,True
UK064,VISTARA,BOM,DEL,2026-04-17 12:25:41.701,2026-04-17 14:55:41.701,150.0,False,150.0,False,False,150.0,False,False,True
